-- MySQL dump 10.13  Distrib 8.0.15, for Win64 (x86_64)
--
-- Host: localhost    Database: api_laravel
-- ------------------------------------------------------
-- Server version	8.0.15

/*!40101 SET @OLD_CHARACTER_SET_CLIENT=@@CHARACTER_SET_CLIENT */;
/*!40101 SET @OLD_CHARACTER_SET_RESULTS=@@CHARACTER_SET_RESULTS */;
/*!40101 SET @OLD_COLLATION_CONNECTION=@@COLLATION_CONNECTION */;
 SET NAMES utf8 ;
/*!40103 SET @OLD_TIME_ZONE=@@TIME_ZONE */;
/*!40103 SET TIME_ZONE='+00:00' */;
/*!40014 SET @OLD_UNIQUE_CHECKS=@@UNIQUE_CHECKS, UNIQUE_CHECKS=0 */;
/*!40014 SET @OLD_FOREIGN_KEY_CHECKS=@@FOREIGN_KEY_CHECKS, FOREIGN_KEY_CHECKS=0 */;
/*!40101 SET @OLD_SQL_MODE=@@SQL_MODE, SQL_MODE='NO_AUTO_VALUE_ON_ZERO' */;
/*!40111 SET @OLD_SQL_NOTES=@@SQL_NOTES, SQL_NOTES=0 */;

--
-- Table structure for table `attachments`
--

DROP TABLE IF EXISTS `attachments`;
/*!40101 SET @saved_cs_client     = @@character_set_client */;
 SET character_set_client = utf8mb4 ;
CREATE TABLE `attachments` (
  `id` int(10) unsigned NOT NULL AUTO_INCREMENT,
  `url` varchar(255) COLLATE utf8mb4_unicode_ci NOT NULL,
  `user_id` int(10) unsigned NOT NULL,
  `attachable_id` int(10) unsigned NOT NULL,
  `attachable_type` varchar(255) COLLATE utf8mb4_unicode_ci NOT NULL,
  `created_at` timestamp NULL DEFAULT NULL,
  `updated_at` timestamp NULL DEFAULT NULL,
  `deleted_at` timestamp NULL DEFAULT NULL,
  PRIMARY KEY (`id`),
  UNIQUE KEY `attachments_url_unique` (`url`),
  KEY `attachments_attachable_id_created_at_deleted_at_index` (`attachable_id`,`created_at`,`deleted_at`),
  KEY `attachments_user_id_index` (`user_id`)
) ENGINE=InnoDB DEFAULT CHARSET=utf8mb4 COLLATE=utf8mb4_unicode_ci;
/*!40101 SET character_set_client = @saved_cs_client */;

--
-- Dumping data for table `attachments`
--

LOCK TABLES `attachments` WRITE;
/*!40000 ALTER TABLE `attachments` DISABLE KEYS */;
/*!40000 ALTER TABLE `attachments` ENABLE KEYS */;
UNLOCK TABLES;

--
-- Table structure for table `involved_people`
--

DROP TABLE IF EXISTS `involved_people`;
/*!40101 SET @saved_cs_client     = @@character_set_client */;
 SET character_set_client = utf8mb4 ;
CREATE TABLE `involved_people` (
  `id` int(10) unsigned NOT NULL AUTO_INCREMENT,
  `name` varchar(255) COLLATE utf8mb4_unicode_ci DEFAULT NULL,
  `cpf` varchar(11) COLLATE utf8mb4_unicode_ci DEFAULT NULL,
  `birthdate` date DEFAULT NULL,
  `gender` enum('MASCULINO','FEMININO','TRANS_MASC','TRANS_FEM','NAO_DECLARADO') COLLATE utf8mb4_unicode_ci NOT NULL,
  `skin_color` enum('BRANCO','PARDO','NEGRO','INDIGENA','AMARELO','NAO_DECLARADO') COLLATE utf8mb4_unicode_ci NOT NULL,
  `type` enum('VITIMA','SUSPEITO','TESTEMUNHA') COLLATE utf8mb4_unicode_ci NOT NULL,
  `occurrence_report_id` int(10) unsigned NOT NULL,
  `created_at` timestamp NULL DEFAULT NULL,
  `updated_at` timestamp NULL DEFAULT NULL,
  `deleted_at` timestamp NULL DEFAULT NULL,
  PRIMARY KEY (`id`),
  KEY `involved_people_occurrence_report_id_index` (`occurrence_report_id`),
  CONSTRAINT `involved_people_occurrence_report_id_foreign` FOREIGN KEY (`occurrence_report_id`) REFERENCES `occurrence_reports` (`id`)
) ENGINE=InnoDB AUTO_INCREMENT=109 DEFAULT CHARSET=utf8mb4 COLLATE=utf8mb4_unicode_ci;
/*!40101 SET character_set_client = @saved_cs_client */;

--
-- Dumping data for table `involved_people`
--

LOCK TABLES `involved_people` WRITE;
/*!40000 ALTER TABLE `involved_people` DISABLE KEYS */;
INSERT INTO `involved_people` VALUES (1,'Luis antonio','14311132400',NULL,'MASCULINO','NAO_DECLARADO','VITIMA',208,'2019-05-05 19:11:41',NULL,NULL),(2,'waldy ferreira de lima','33268185487',NULL,'MASCULINO','NAO_DECLARADO','VITIMA',211,'2019-05-05 19:11:41',NULL,NULL),(3,'CHARLES WILLYS (TKS)','',NULL,'MASCULINO','NAO_DECLARADO','VITIMA',211,'2019-05-05 19:11:41',NULL,NULL),(4,'José Severino de Melo','',NULL,'MASCULINO','NAO_DECLARADO','VITIMA',213,'2019-05-05 19:11:41',NULL,NULL),(5,'LUIZ CARLOS DE ARAÚJO MATIAS JUNIOR','8645519',NULL,'MASCULINO','NAO_DECLARADO','VITIMA',214,'2019-05-05 19:11:41',NULL,NULL),(6,'JULLYANE FLORÊNCIO PACHECO DA SILVA','6389643',NULL,'FEMININO','NAO_DECLARADO','VITIMA',215,'2019-05-05 19:11:41',NULL,NULL),(7,'RODRIGO OTÁVIO DAZEVEDO CARREIRO','1670247',NULL,'MASCULINO','NAO_DECLARADO','VITIMA',216,'2019-05-05 19:11:41',NULL,NULL),(8,'José Severino de Melo','',NULL,'MASCULINO','NAO_DECLARADO','VITIMA',217,'2019-05-05 19:11:41',NULL,NULL),(9,'TAMIRES CIBELE CORREIA DE OLIVEIRA','09729109486',NULL,'FEMININO','NAO_DECLARADO','VITIMA',217,'2019-05-05 19:11:41',NULL,NULL),(10,'WILMA FIGUEREDO AGRA','07302928436',NULL,'FEMININO','NAO_DECLARADO','VITIMA',218,'2019-05-05 19:11:41',NULL,NULL),(11,'PRISCILA VIEGAS','03942287408',NULL,'FEMININO','NAO_DECLARADO','VITIMA',219,'2019-05-05 19:11:41',NULL,NULL),(12,'GABRIEL RIBEIRO BARBOSA','08846493427',NULL,'MASCULINO','NAO_DECLARADO','VITIMA',222,'2019-05-05 19:11:41',NULL,NULL),(13,'Iraneide Calvalcante Alexandre','',NULL,'FEMININO','NAO_DECLARADO','VITIMA',223,'2019-05-05 19:11:41',NULL,NULL),(14,'Ana Lucia Garcia da Silva Santos','',NULL,'FEMININO','NAO_DECLARADO','SUSPEITO',223,'2019-05-05 19:11:41',NULL,NULL),(15,'Maria Iraneide Cavalcante Alexandre','',NULL,'FEMININO','NAO_DECLARADO','VITIMA',224,'2019-05-05 19:11:41',NULL,NULL),(16,'RAVENA BARBOSA MACHADO DE SOUZA','',NULL,'FEMININO','NAO_DECLARADO','VITIMA',225,'2019-05-05 19:11:41',NULL,NULL),(17,'VALDECY','',NULL,'MASCULINO','NAO_DECLARADO','VITIMA',230,'2019-05-05 19:11:41',NULL,NULL),(18,'ISRAEL RAMOS PEREIRA','',NULL,'MASCULINO','NAO_DECLARADO','SUSPEITO',232,'2019-05-05 19:11:41',NULL,NULL),(19,'VALÉRIA AVELINO FERREIRA','02579442499',NULL,'FEMININO','NAO_DECLARADO','VITIMA',232,'2019-05-05 19:11:41',NULL,NULL),(20,'PAULO DE TARSO NASCIMENTO FILHO','10454834438',NULL,'MASCULINO','NAO_DECLARADO','VITIMA',247,'2019-05-05 19:11:41',NULL,NULL),(21,'IARCULINA MARIA DE SANTANA','95962140478',NULL,'FEMININO','NAO_DECLARADO','VITIMA',253,'2019-05-05 19:11:41',NULL,NULL),(22,'IVAIR CARNEIRO DA SILVA','',NULL,'MASCULINO','NAO_DECLARADO','SUSPEITO',253,'2019-05-05 19:11:41',NULL,NULL),(23,'DIEGO DA SILVA MATOS','00954741455',NULL,'MASCULINO','NAO_DECLARADO','VITIMA',254,'2019-05-05 19:11:41',NULL,NULL),(24,'ELIAS DE FREITAS JUNIOR','09112455458',NULL,'MASCULINO','NAO_DECLARADO','SUSPEITO',254,'2019-05-05 19:11:41',NULL,NULL),(25,'WENDELL JÂNIO DE OLIVEIRA JUNIOR','01795625252',NULL,'MASCULINO','NAO_DECLARADO','VITIMA',254,'2019-05-05 19:11:41',NULL,NULL),(26,'JOSÉ CELSO DA COSTA LIMA','10525141464',NULL,'MASCULINO','NAO_DECLARADO','VITIMA',254,'2019-05-05 19:11:41',NULL,NULL),(27,'Fabio Felipe Ferreira de Souza','',NULL,'MASCULINO','NAO_DECLARADO','VITIMA',262,'2019-05-05 19:11:41',NULL,NULL),(28,'Sebastião Célio','',NULL,'MASCULINO','NAO_DECLARADO','SUSPEITO',262,'2019-05-05 19:11:41',NULL,NULL),(29,'FERNANDA LÚCIA MARQUES DOS SANTOS','92221335449',NULL,'FEMININO','NAO_DECLARADO','VITIMA',263,'2019-05-05 19:11:41',NULL,NULL),(30,'LUIS FELIPE MACHADO DA COSTA','11568586744',NULL,'MASCULINO','NAO_DECLARADO','VITIMA',264,'2019-05-05 19:11:41',NULL,NULL),(31,'ROBERTO MARIANO DA SILVA SANTOS','06550464455',NULL,'MASCULINO','NAO_DECLARADO','SUSPEITO',267,'2019-05-05 19:11:41',NULL,NULL),(32,'CAROLINE MARIM','18501481807',NULL,'FEMININO','NAO_DECLARADO','VITIMA',267,'2019-05-05 19:11:41',NULL,NULL),(33,'NAYANA DOS SANTOS RAIMUNDO','11902551460',NULL,'FEMININO','NAO_DECLARADO','VITIMA',269,'2019-05-05 19:11:41',NULL,NULL),(34,'KAMILA KÉSSIA DA SILVA','',NULL,'FEMININO','NAO_DECLARADO','VITIMA',269,'2019-05-05 19:11:41',NULL,NULL),(35,'AIDA MARIA MONTEIRO SILVA','12722308487',NULL,'FEMININO','NAO_DECLARADO','VITIMA',272,'2019-05-05 19:11:41',NULL,NULL),(36,'SÉRGIO LUCENA','36018724472',NULL,'MASCULINO','NAO_DECLARADO','VITIMA',273,'2019-05-05 19:11:41',NULL,NULL),(37,'CARLOS ALBERTO COLLIER NETO','04472050480',NULL,'MASCULINO','NAO_DECLARADO','SUSPEITO',274,'2019-05-05 19:11:41',NULL,NULL),(38,'RICARDO PAES FERREIRA DOS SANTOS','06485339485',NULL,'MASCULINO','NAO_DECLARADO','VITIMA',274,'2019-05-05 19:11:41',NULL,NULL),(39,'Marcia Gomes da Silva','06533071440',NULL,'FEMININO','NAO_DECLARADO','VITIMA',275,'2019-05-05 19:11:41',NULL,NULL),(40,'RAISSA SOUZA VELES DE ARAUJO','70368275485',NULL,'FEMININO','NAO_DECLARADO','VITIMA',275,'2019-05-05 19:11:41',NULL,NULL),(41,'JANILSON GOMES DA SILVA','43287611453',NULL,'MASCULINO','NAO_DECLARADO','SUSPEITO',277,'2019-05-05 19:11:41',NULL,NULL),(42,'LUCIANO ALEXANDRE DA SILVA','02945594420',NULL,'MASCULINO','NAO_DECLARADO','VITIMA',277,'2019-05-05 19:11:41',NULL,NULL),(43,'AUDREY PIMENTEL DE MORAIS','90022068449',NULL,'FEMININO','NAO_DECLARADO','VITIMA',278,'2019-05-05 19:11:41',NULL,NULL),(44,'JOSÉ FREIRE BARRETO','00701387882',NULL,'MASCULINO','NAO_DECLARADO','SUSPEITO',278,'2019-05-05 19:11:41',NULL,NULL),(45,'PATRICIA MADRUGA REGO BARROS','02190412455',NULL,'FEMININO','NAO_DECLARADO','VITIMA',281,'2019-05-05 19:11:41',NULL,NULL),(46,'BRUNA RODRIGUES','09910133440',NULL,'FEMININO','NAO_DECLARADO','SUSPEITO',281,'2019-05-05 19:11:41',NULL,NULL),(47,'Bruno Mesquita Soares de Araújo','',NULL,'MASCULINO','NAO_DECLARADO','VITIMA',282,'2019-05-05 19:11:41',NULL,NULL),(48,'FREDSON GONÇALVES','01071487493',NULL,'MASCULINO','NAO_DECLARADO','VITIMA',283,'2019-05-05 19:11:41',NULL,NULL),(49,'ISACK ANGELO DA SILVA','10298212404',NULL,'MASCULINO','NAO_DECLARADO','VITIMA',285,'2019-05-05 19:11:41',NULL,NULL),(50,'FERNANDA DA SILVA ARAÚJO MELO','06349554469',NULL,'FEMININO','NAO_DECLARADO','VITIMA',286,'2019-05-05 19:11:41',NULL,NULL),(51,'PROFESSOR PABLO FRANCISCO DE ANDRADE PORFÍRIO','02864844478',NULL,'MASCULINO','NAO_DECLARADO','VITIMA',287,'2019-05-05 19:11:41',NULL,NULL),(52,'JOSÉ LOURENÇO DE FREITAS NETO','04813681409',NULL,'MASCULINO','NAO_DECLARADO','VITIMA',288,'2019-05-05 19:11:41',NULL,NULL),(53,'CARYN SIMONE DUARTE SANTANA','08193559410',NULL,'FEMININO','NAO_DECLARADO','VITIMA',289,'2019-05-05 19:11:41',NULL,NULL),(54,'MÁRCIO ALESSANDRO SALES DA ROCHA','05520431418',NULL,'MASCULINO','NAO_DECLARADO','SUSPEITO',289,'2019-05-05 19:11:41',NULL,NULL),(55,'ANDRE LEON SANTANA SOBREIRA','01169565425',NULL,'MASCULINO','NAO_DECLARADO','VITIMA',290,'2019-05-05 19:11:41',NULL,NULL),(56,'JOÃO LIMA','14272822420',NULL,'MASCULINO','NAO_DECLARADO','VITIMA',294,'2019-05-05 19:11:41',NULL,NULL),(57,'ELISOMA MARIA DE AMORIM','09399475441',NULL,'FEMININO','NAO_DECLARADO','VITIMA',295,'2019-05-05 19:11:41',NULL,NULL),(58,'Maria Enilda','',NULL,'FEMININO','NAO_DECLARADO','VITIMA',298,'2019-05-05 19:11:41',NULL,NULL),(59,'LAISLA REGIA DA SILVA MARTINS','10560172443',NULL,'FEMININO','NAO_DECLARADO','VITIMA',301,'2019-05-05 19:11:41',NULL,NULL),(60,'Daniel Monteiro Bipos','',NULL,'MASCULINO','NAO_DECLARADO','VITIMA',302,'2019-05-05 19:11:41',NULL,NULL),(61,'Sergio Francisco Serafim Monteiro da Silva','',NULL,'MASCULINO','NAO_DECLARADO','VITIMA',303,'2019-05-05 19:11:41',NULL,NULL),(62,'GEORGIA MOREIRA RIBEIRO','11995674427',NULL,'FEMININO','NAO_DECLARADO','VITIMA',305,'2019-05-05 19:11:41',NULL,NULL),(63,'HERBERT JOSÉ BRITO DE FREITAS','04677407479',NULL,'MASCULINO','NAO_DECLARADO','SUSPEITO',306,'2019-05-05 19:11:41',NULL,NULL),(64,'MARIANA CORREA DOS SANTOS','08935388416',NULL,'FEMININO','NAO_DECLARADO','VITIMA',306,'2019-05-05 19:11:41',NULL,NULL),(65,'Marcelo Emersom Ribeiro','',NULL,'MASCULINO','NAO_DECLARADO','VITIMA',308,'2019-05-05 19:11:41',NULL,NULL),(66,'Luis Felipe Brito de Medeiros','',NULL,'MASCULINO','NAO_DECLARADO','VITIMA',309,'2019-05-05 19:11:41',NULL,NULL),(67,'Douglas Jacinto da Silva','',NULL,'MASCULINO','NAO_DECLARADO','SUSPEITO',310,'2019-05-05 19:11:41',NULL,NULL),(68,'CARLOS EDUARDO GOMES DA SILVA','',NULL,'MASCULINO','NAO_DECLARADO','VITIMA',311,'2019-05-05 19:11:41',NULL,NULL),(69,'MANOEL JOSÉ DA SILVA','',NULL,'MASCULINO','NAO_DECLARADO','SUSPEITO',311,'2019-05-05 19:11:41',NULL,NULL),(70,'ANTONIO ROBERTO LUCENA DE ARAUJO','00792575423',NULL,'MASCULINO','NAO_DECLARADO','VITIMA',312,'2019-05-05 19:11:41',NULL,NULL),(71,'DEYVISON FELIPE','09026395442',NULL,'MASCULINO','NAO_DECLARADO','VITIMA',313,'2019-05-05 19:11:41',NULL,NULL),(72,'EDUARDO VINICIUS ALBUQUERQUELOURENA','12919996479',NULL,'MASCULINO','NAO_DECLARADO','SUSPEITO',314,'2019-05-05 19:11:41',NULL,NULL),(73,'PATRICIA PINHEIRO DE MELO','36043648415',NULL,'FEMININO','NAO_DECLARADO','VITIMA',314,'2019-05-05 19:11:41',NULL,NULL),(74,'LORENA ALVES DA MATA RIBEIRO','70618355405',NULL,'FEMININO','NAO_DECLARADO','SUSPEITO',314,'2019-05-05 19:11:41',NULL,NULL),(75,'TUCA HENRIQUE VERÇOSA CARNEIRO DE ANDRADE','11755285442',NULL,'MASCULINO','NAO_DECLARADO','SUSPEITO',314,'2019-05-05 19:11:41',NULL,NULL),(76,'JOSE ARTHUR MORAES DE OLIVEIRA','06092082411',NULL,'MASCULINO','NAO_DECLARADO','VITIMA',315,'2019-05-05 19:11:41',NULL,NULL),(77,'ANDREAS ZAIA MIRANDA PAIVA','05012843460',NULL,'MASCULINO','NAO_DECLARADO','VITIMA',315,'2019-05-05 19:11:41',NULL,NULL),(78,'RAFAELA GOMES','03961178488',NULL,'FEMININO','NAO_DECLARADO','VITIMA',316,'2019-05-05 19:11:41',NULL,NULL),(79,'MARIA DO CARMO DE LIMA','76593479853',NULL,'FEMININO','NAO_DECLARADO','SUSPEITO',316,'2019-05-05 19:11:41',NULL,NULL),(80,'Lucas Gabriel Souza Santos','09240176438',NULL,'MASCULINO','NAO_DECLARADO','VITIMA',317,'2019-05-05 19:11:41',NULL,NULL),(81,'EMANUELLY LIDIANY GOMES DA TRINDADE','06742147490',NULL,'FEMININO','NAO_DECLARADO','VITIMA',318,'2019-05-05 19:11:41',NULL,NULL),(82,'Wellison de Paula C. Silva','',NULL,'MASCULINO','NAO_DECLARADO','VITIMA',319,'2019-05-05 19:11:41',NULL,NULL),(83,'Ìtalo Lobo da Silva','08938051498',NULL,'MASCULINO','NAO_DECLARADO','VITIMA',320,'2019-05-05 19:11:41',NULL,NULL),(84,'Wellson de Paula C da Silva',NULL,NULL,'MASCULINO','NAO_DECLARADO','VITIMA',321,'2019-05-05 19:11:41',NULL,NULL),(85,'nnnnnnnnnnnnn',NULL,NULL,'MASCULINO','NAO_DECLARADO','SUSPEITO',323,'2019-05-05 19:11:41',NULL,NULL),(86,'Carlos Vinícios Aguiar Silva','',NULL,'MASCULINO','NAO_DECLARADO','VITIMA',324,'2019-05-05 19:11:41',NULL,NULL),(87,'Bruno Luan Comandante','10256718482',NULL,'MASCULINO','NAO_DECLARADO','VITIMA',325,'2019-05-05 19:11:41',NULL,NULL),(88,'ANDRES BUSTAMANTE','22814510894',NULL,'MASCULINO','NAO_DECLARADO','VITIMA',326,'2019-05-05 19:11:41',NULL,NULL),(89,'Lucicleide Felix Delgado Lessa ',NULL,NULL,'FEMININO','NAO_DECLARADO','VITIMA',328,'2019-05-05 19:11:41',NULL,NULL),(90,'Matheus Vinycius Oliveira Goyes','70628705441',NULL,'MASCULINO','NAO_DECLARADO','VITIMA',329,'2019-05-05 19:11:41',NULL,NULL),(91,'JÉSSICA RAÍSSA FERREIRA COSTA DA SILVA','70605714428',NULL,'FEMININO','NAO_DECLARADO','VITIMA',330,'2019-05-05 19:11:41',NULL,NULL),(92,'FERNANDO CAVALCANTE DE MAXIMO',NULL,NULL,'MASCULINO','NAO_DECLARADO','VITIMA',331,'2019-05-05 19:11:41',NULL,NULL),(93,'LUCAS VINICIUS DE O. NASCIMENTO','11956319441',NULL,'MASCULINO','NAO_DECLARADO','VITIMA',333,'2019-05-05 19:11:41',NULL,NULL),(94,'Ítalo Marinho Gomes de Oliveira','11310463409',NULL,'MASCULINO','NAO_DECLARADO','VITIMA',334,'2019-05-05 19:11:41',NULL,NULL),(95,'MOISES CORREA DA SILVA',NULL,NULL,'MASCULINO','NAO_DECLARADO','SUSPEITO',335,'2019-05-05 19:11:41',NULL,NULL),(96,'FELIPE MELO','02964320403',NULL,'MASCULINO','NAO_DECLARADO','VITIMA',336,'2019-05-05 19:11:41',NULL,NULL),(97,'ALEX LOPES ELOI',NULL,NULL,'MASCULINO','NAO_DECLARADO','SUSPEITO',336,'2019-05-05 19:11:41',NULL,NULL),(98,'CHARLTON KLEBER',NULL,NULL,'MASCULINO','NAO_DECLARADO','VITIMA',337,'2019-05-05 19:11:41',NULL,NULL),(99,'GIOVANA FARIAS RAMALHO',NULL,NULL,'FEMININO','NAO_DECLARADO','VITIMA',338,'2019-05-05 19:11:41',NULL,NULL),(100,'DÉBORAH LOUISE SILVA PEDROSA','70599026430',NULL,'FEMININO','NAO_DECLARADO','VITIMA',339,'2019-05-05 19:11:41',NULL,NULL),(101,'GISELE AGRIPINA COSTA RAMOS DIAS',NULL,NULL,'FEMININO','NAO_DECLARADO','VITIMA',339,'2019-05-05 19:11:41',NULL,NULL),(102,'Erivaldo  Ramos Lins',NULL,NULL,'MASCULINO','NAO_DECLARADO','VITIMA',340,'2019-05-05 19:11:41',NULL,NULL),(103,'Renata Cristina Uchoa França','11242440429',NULL,'FEMININO','NAO_DECLARADO','VITIMA',341,'2019-05-05 19:11:41',NULL,NULL),(104,'Lis Vale Bentes','',NULL,'FEMININO','NAO_DECLARADO','VITIMA',342,'2019-05-05 19:11:41',NULL,NULL),(105,'Ramilton de Vasconcelos Santo Neto','01756388458',NULL,'MASCULINO','NAO_DECLARADO','VITIMA',343,'2019-05-05 19:11:41',NULL,NULL),(106,'SOLANGE GOMES',NULL,NULL,'FEMININO','NAO_DECLARADO','VITIMA',344,'2019-05-05 19:11:41',NULL,NULL),(107,'GAUSS COUTINHO CORDEIRO','05407540487',NULL,'MASCULINO','NAO_DECLARADO','VITIMA',345,'2019-05-05 19:11:41',NULL,NULL),(108,'José Roberto de Lima Junior',NULL,NULL,'MASCULINO','NAO_DECLARADO','VITIMA',346,'2019-05-05 19:11:41',NULL,NULL);
/*!40000 ALTER TABLE `involved_people` ENABLE KEYS */;
UNLOCK TABLES;

--
-- Table structure for table `irregularity_reports`
--

DROP TABLE IF EXISTS `irregularity_reports`;
/*!40101 SET @saved_cs_client     = @@character_set_client */;
 SET character_set_client = utf8mb4 ;
CREATE TABLE `irregularity_reports` (
  `id` int(10) unsigned NOT NULL AUTO_INCREMENT,
  `title` varchar(255) COLLATE utf8mb4_unicode_ci NOT NULL,
  `story` text COLLATE utf8mb4_unicode_ci NOT NULL,
  `coordinates` varchar(255) COLLATE utf8mb4_unicode_ci NOT NULL,
  `user_id` int(10) unsigned NOT NULL,
  `agent_id` int(10) unsigned DEFAULT NULL,
  `irregularity_type_id` int(10) unsigned NOT NULL,
  `zone_id` int(10) unsigned NOT NULL,
  `created_at` timestamp NULL DEFAULT NULL,
  `updated_at` timestamp NULL DEFAULT NULL,
  `deleted_at` timestamp NULL DEFAULT NULL,
  PRIMARY KEY (`id`),
  KEY `irregularity_reports_user_id_index` (`user_id`),
  KEY `irregularity_reports_agent_id_index` (`agent_id`),
  KEY `irregularity_reports_irregularity_type_id_index` (`irregularity_type_id`),
  KEY `irregularity_reports_zone_id_index` (`zone_id`),
  CONSTRAINT `irregularity_reports_agent_id_foreign` FOREIGN KEY (`agent_id`) REFERENCES `users` (`id`),
  CONSTRAINT `irregularity_reports_irregularity_type_id_foreign` FOREIGN KEY (`irregularity_type_id`) REFERENCES `irregularity_types` (`id`),
  CONSTRAINT `irregularity_reports_user_id_foreign` FOREIGN KEY (`user_id`) REFERENCES `users` (`id`),
  CONSTRAINT `irregularity_reports_zone_id_foreign` FOREIGN KEY (`zone_id`) REFERENCES `zones` (`id`)
) ENGINE=InnoDB DEFAULT CHARSET=utf8mb4 COLLATE=utf8mb4_unicode_ci;
/*!40101 SET character_set_client = @saved_cs_client */;

--
-- Dumping data for table `irregularity_reports`
--

LOCK TABLES `irregularity_reports` WRITE;
/*!40000 ALTER TABLE `irregularity_reports` DISABLE KEYS */;
/*!40000 ALTER TABLE `irregularity_reports` ENABLE KEYS */;
UNLOCK TABLES;

--
-- Table structure for table `irregularity_types`
--

DROP TABLE IF EXISTS `irregularity_types`;
/*!40101 SET @saved_cs_client     = @@character_set_client */;
 SET character_set_client = utf8mb4 ;
CREATE TABLE `irregularity_types` (
  `id` int(10) unsigned NOT NULL AUTO_INCREMENT,
  `name` varchar(255) COLLATE utf8mb4_unicode_ci NOT NULL,
  `description` varchar(255) COLLATE utf8mb4_unicode_ci NOT NULL,
  `created_at` timestamp NULL DEFAULT NULL,
  `updated_at` timestamp NULL DEFAULT NULL,
  `deleted_at` timestamp NULL DEFAULT NULL,
  PRIMARY KEY (`id`)
) ENGINE=InnoDB AUTO_INCREMENT=7 DEFAULT CHARSET=utf8mb4 COLLATE=utf8mb4_unicode_ci;
/*!40101 SET character_set_client = @saved_cs_client */;

--
-- Dumping data for table `irregularity_types`
--

LOCK TABLES `irregularity_types` WRITE;
/*!40000 ALTER TABLE `irregularity_types` DISABLE KEYS */;
INSERT INTO `irregularity_types` VALUES (1,'Controle de Animais','Irregularidades que envolvem animais abandonados, selvagens e etc.','2019-04-03 03:27:36','2019-04-03 03:27:36',NULL),(2,'Iluminação','Irregularidades que influenciam na qualidade da iluminação publica.','2019-04-03 03:27:36','2019-04-03 03:27:36',NULL),(3,'Acessibilidade','Qualquer irregualridade que impeça o livre fluxo de estudantes / acesso de pessoas com necessidades especiais.','2019-04-03 03:27:36','2019-04-03 03:27:36',NULL),(4,'Poda','Irregularidades que envolvem necessidade de podas de arvores e plantas em geral.','2019-04-03 03:27:36','2019-04-03 03:27:36',NULL),(5,'Poluição','Irregualridades que põe em risco a sáude dos estudantes e poluições em geral','2019-04-03 03:27:36','2019-04-03 03:27:36',NULL),(6,'Outros','Qualquer outra irregularidade que não se encaixe nas outras opções','2019-04-03 03:27:36','2019-04-03 03:27:36',NULL);
/*!40000 ALTER TABLE `irregularity_types` ENABLE KEYS */;
UNLOCK TABLES;

--
-- Table structure for table `logs`
--

DROP TABLE IF EXISTS `logs`;
/*!40101 SET @saved_cs_client     = @@character_set_client */;
 SET character_set_client = utf8mb4 ;
CREATE TABLE `logs` (
  `id` int(10) unsigned NOT NULL AUTO_INCREMENT,
  `action` varchar(255) COLLATE utf8mb4_unicode_ci NOT NULL,
  `user_id` int(10) unsigned NOT NULL,
  `loggable_id` int(10) unsigned NOT NULL,
  `loggable_type` varchar(255) COLLATE utf8mb4_unicode_ci NOT NULL,
  `created_at` timestamp NULL DEFAULT NULL,
  `updated_at` timestamp NULL DEFAULT NULL,
  `deleted_at` timestamp NULL DEFAULT NULL,
  PRIMARY KEY (`id`),
  KEY `logs_user_id_index` (`user_id`),
  KEY `logs_loggable_id_index` (`loggable_id`),
  CONSTRAINT `logs_user_id_foreign` FOREIGN KEY (`user_id`) REFERENCES `users` (`id`)
) ENGINE=InnoDB DEFAULT CHARSET=utf8mb4 COLLATE=utf8mb4_unicode_ci;
/*!40101 SET character_set_client = @saved_cs_client */;

--
-- Dumping data for table `logs`
--

LOCK TABLES `logs` WRITE;
/*!40000 ALTER TABLE `logs` DISABLE KEYS */;
/*!40000 ALTER TABLE `logs` ENABLE KEYS */;
UNLOCK TABLES;

--
-- Table structure for table `migrations`
--

DROP TABLE IF EXISTS `migrations`;
/*!40101 SET @saved_cs_client     = @@character_set_client */;
 SET character_set_client = utf8mb4 ;
CREATE TABLE `migrations` (
  `id` int(10) unsigned NOT NULL AUTO_INCREMENT,
  `migration` varchar(255) COLLATE utf8mb4_unicode_ci NOT NULL,
  `batch` int(11) NOT NULL,
  PRIMARY KEY (`id`)
) ENGINE=InnoDB AUTO_INCREMENT=20 DEFAULT CHARSET=utf8mb4 COLLATE=utf8mb4_unicode_ci;
/*!40101 SET character_set_client = @saved_cs_client */;

--
-- Dumping data for table `migrations`
--

LOCK TABLES `migrations` WRITE;
/*!40000 ALTER TABLE `migrations` DISABLE KEYS */;
INSERT INTO `migrations` VALUES (1,'2014_10_11_000000_create_roles_table',1),(2,'2014_10_12_000000_create_users_table',1),(3,'2014_10_12_100000_create_password_resets_table',1),(4,'2016_06_01_000001_create_oauth_auth_codes_table',1),(5,'2016_06_01_000002_create_oauth_access_tokens_table',1),(6,'2016_06_01_000003_create_oauth_refresh_tokens_table',1),(7,'2016_06_01_000004_create_oauth_clients_table',1),(8,'2016_06_01_000005_create_oauth_personal_access_clients_table',1),(9,'2018_10_02_040903_create_zones_table',1),(10,'2018_10_03_174549_create_occurrence_types_table',1),(11,'2018_10_03_174551_create_occurrence_reports_table',1),(12,'2018_10_04_172410_create_occurrence_objects_table',1),(13,'2018_10_04_173541_create_occurrence_object_occurrence_report_pivot_table',1),(14,'2018_10_04_173909_create_involved_people_table',1),(15,'2018_10_13_190836_create_logs_table',1),(16,'2018_10_13_191835_create_attachments_table',1),(17,'2018_10_20_133151_add_police_report_code_to_occurrence_reports_table',1),(18,'2018_10_24_223925_create_irregularity_types_table',1),(19,'2018_10_26_033013_create_irregularity_reports_table',1);
/*!40000 ALTER TABLE `migrations` ENABLE KEYS */;
UNLOCK TABLES;

--
-- Table structure for table `oauth_access_tokens`
--

DROP TABLE IF EXISTS `oauth_access_tokens`;
/*!40101 SET @saved_cs_client     = @@character_set_client */;
 SET character_set_client = utf8mb4 ;
CREATE TABLE `oauth_access_tokens` (
  `id` varchar(100) COLLATE utf8mb4_unicode_ci NOT NULL,
  `user_id` int(11) DEFAULT NULL,
  `client_id` int(11) NOT NULL,
  `name` varchar(255) COLLATE utf8mb4_unicode_ci DEFAULT NULL,
  `scopes` text COLLATE utf8mb4_unicode_ci,
  `revoked` tinyint(1) NOT NULL,
  `created_at` timestamp NULL DEFAULT NULL,
  `updated_at` timestamp NULL DEFAULT NULL,
  `expires_at` datetime DEFAULT NULL,
  PRIMARY KEY (`id`),
  KEY `oauth_access_tokens_user_id_index` (`user_id`)
) ENGINE=InnoDB DEFAULT CHARSET=utf8mb4 COLLATE=utf8mb4_unicode_ci;
/*!40101 SET character_set_client = @saved_cs_client */;

--
-- Dumping data for table `oauth_access_tokens`
--

LOCK TABLES `oauth_access_tokens` WRITE;
/*!40000 ALTER TABLE `oauth_access_tokens` DISABLE KEYS */;
/*!40000 ALTER TABLE `oauth_access_tokens` ENABLE KEYS */;
UNLOCK TABLES;

--
-- Table structure for table `oauth_auth_codes`
--

DROP TABLE IF EXISTS `oauth_auth_codes`;
/*!40101 SET @saved_cs_client     = @@character_set_client */;
 SET character_set_client = utf8mb4 ;
CREATE TABLE `oauth_auth_codes` (
  `id` varchar(100) COLLATE utf8mb4_unicode_ci NOT NULL,
  `user_id` int(11) NOT NULL,
  `client_id` int(11) NOT NULL,
  `scopes` text COLLATE utf8mb4_unicode_ci,
  `revoked` tinyint(1) NOT NULL,
  `expires_at` datetime DEFAULT NULL,
  PRIMARY KEY (`id`)
) ENGINE=InnoDB DEFAULT CHARSET=utf8mb4 COLLATE=utf8mb4_unicode_ci;
/*!40101 SET character_set_client = @saved_cs_client */;

--
-- Dumping data for table `oauth_auth_codes`
--

LOCK TABLES `oauth_auth_codes` WRITE;
/*!40000 ALTER TABLE `oauth_auth_codes` DISABLE KEYS */;
/*!40000 ALTER TABLE `oauth_auth_codes` ENABLE KEYS */;
UNLOCK TABLES;

--
-- Table structure for table `oauth_clients`
--

DROP TABLE IF EXISTS `oauth_clients`;
/*!40101 SET @saved_cs_client     = @@character_set_client */;
 SET character_set_client = utf8mb4 ;
CREATE TABLE `oauth_clients` (
  `id` int(10) unsigned NOT NULL AUTO_INCREMENT,
  `user_id` int(11) DEFAULT NULL,
  `name` varchar(255) COLLATE utf8mb4_unicode_ci NOT NULL,
  `secret` varchar(100) COLLATE utf8mb4_unicode_ci NOT NULL,
  `redirect` text COLLATE utf8mb4_unicode_ci NOT NULL,
  `personal_access_client` tinyint(1) NOT NULL,
  `password_client` tinyint(1) NOT NULL,
  `revoked` tinyint(1) NOT NULL,
  `created_at` timestamp NULL DEFAULT NULL,
  `updated_at` timestamp NULL DEFAULT NULL,
  PRIMARY KEY (`id`),
  KEY `oauth_clients_user_id_index` (`user_id`)
) ENGINE=InnoDB AUTO_INCREMENT=3 DEFAULT CHARSET=utf8mb4 COLLATE=utf8mb4_unicode_ci;
/*!40101 SET character_set_client = @saved_cs_client */;

--
-- Dumping data for table `oauth_clients`
--

LOCK TABLES `oauth_clients` WRITE;
/*!40000 ALTER TABLE `oauth_clients` DISABLE KEYS */;
INSERT INTO `oauth_clients` VALUES (1,NULL,'Laravel Personal Access Client','wodLir97KWXnPL7gcyy9IAFOLbIJefFcifVSV6LR','http://localhost',1,0,0,'2019-04-03 03:26:16','2019-04-03 03:26:16'),(2,NULL,'Laravel Password Grant Client','9S6PjLpCQPZdKtweTRo1Fp14sB39vwW2rMk2Juva','http://localhost',0,1,0,'2019-04-03 03:26:16','2019-04-03 03:26:16');
/*!40000 ALTER TABLE `oauth_clients` ENABLE KEYS */;
UNLOCK TABLES;

--
-- Table structure for table `oauth_personal_access_clients`
--

DROP TABLE IF EXISTS `oauth_personal_access_clients`;
/*!40101 SET @saved_cs_client     = @@character_set_client */;
 SET character_set_client = utf8mb4 ;
CREATE TABLE `oauth_personal_access_clients` (
  `id` int(10) unsigned NOT NULL AUTO_INCREMENT,
  `client_id` int(11) NOT NULL,
  `created_at` timestamp NULL DEFAULT NULL,
  `updated_at` timestamp NULL DEFAULT NULL,
  PRIMARY KEY (`id`),
  KEY `oauth_personal_access_clients_client_id_index` (`client_id`)
) ENGINE=InnoDB AUTO_INCREMENT=2 DEFAULT CHARSET=utf8mb4 COLLATE=utf8mb4_unicode_ci;
/*!40101 SET character_set_client = @saved_cs_client */;

--
-- Dumping data for table `oauth_personal_access_clients`
--

LOCK TABLES `oauth_personal_access_clients` WRITE;
/*!40000 ALTER TABLE `oauth_personal_access_clients` DISABLE KEYS */;
INSERT INTO `oauth_personal_access_clients` VALUES (1,1,'2019-04-03 03:26:16','2019-04-03 03:26:16');
/*!40000 ALTER TABLE `oauth_personal_access_clients` ENABLE KEYS */;
UNLOCK TABLES;

--
-- Table structure for table `oauth_refresh_tokens`
--

DROP TABLE IF EXISTS `oauth_refresh_tokens`;
/*!40101 SET @saved_cs_client     = @@character_set_client */;
 SET character_set_client = utf8mb4 ;
CREATE TABLE `oauth_refresh_tokens` (
  `id` varchar(100) COLLATE utf8mb4_unicode_ci NOT NULL,
  `access_token_id` varchar(100) COLLATE utf8mb4_unicode_ci NOT NULL,
  `revoked` tinyint(1) NOT NULL,
  `expires_at` datetime DEFAULT NULL,
  PRIMARY KEY (`id`),
  KEY `oauth_refresh_tokens_access_token_id_index` (`access_token_id`)
) ENGINE=InnoDB DEFAULT CHARSET=utf8mb4 COLLATE=utf8mb4_unicode_ci;
/*!40101 SET character_set_client = @saved_cs_client */;

--
-- Dumping data for table `oauth_refresh_tokens`
--

LOCK TABLES `oauth_refresh_tokens` WRITE;
/*!40000 ALTER TABLE `oauth_refresh_tokens` DISABLE KEYS */;
/*!40000 ALTER TABLE `oauth_refresh_tokens` ENABLE KEYS */;
UNLOCK TABLES;

--
-- Table structure for table `occurrence_object_occurrence_report`
--

DROP TABLE IF EXISTS `occurrence_object_occurrence_report`;
/*!40101 SET @saved_cs_client     = @@character_set_client */;
 SET character_set_client = utf8mb4 ;
CREATE TABLE `occurrence_object_occurrence_report` (
  `object_id` int(10) unsigned NOT NULL,
  `report_id` int(10) unsigned NOT NULL,
  KEY `occurrence_object_occurrence_report_object_id_index` (`object_id`),
  KEY `occurrence_object_occurrence_report_report_id_index` (`report_id`),
  CONSTRAINT `occurrence_object_occurrence_report_object_id_foreign` FOREIGN KEY (`object_id`) REFERENCES `occurrence_objects` (`id`),
  CONSTRAINT `occurrence_object_occurrence_report_report_id_foreign` FOREIGN KEY (`report_id`) REFERENCES `occurrence_reports` (`id`) ON DELETE CASCADE
) ENGINE=InnoDB DEFAULT CHARSET=utf8mb4 COLLATE=utf8mb4_unicode_ci;
/*!40101 SET character_set_client = @saved_cs_client */;

--
-- Dumping data for table `occurrence_object_occurrence_report`
--

LOCK TABLES `occurrence_object_occurrence_report` WRITE;
/*!40000 ALTER TABLE `occurrence_object_occurrence_report` DISABLE KEYS */;
INSERT INTO `occurrence_object_occurrence_report` VALUES (7,1),(2,3),(7,3),(7,4),(7,5),(1,7),(6,8),(7,9),(7,10),(2,12),(1,15),(7,19),(7,20),(7,21),(7,22),(7,23),(7,24),(7,26),(1,27),(7,31),(7,32),(7,33),(7,34),(7,41),(7,52),(2,53),(2,56),(6,56),(7,56),(7,59),(2,64),(1,70),(7,83),(1,86),(2,93),(2,95),(2,96),(7,97),(2,100),(3,100),(6,100),(6,100),(2,101),(7,101),(7,102),(2,103),(7,104),(1,108),(7,112),(7,113),(7,114),(7,115),(7,116),(7,120),(2,125),(2,126),(7,127),(2,130),(7,131),(7,139),(7,145),(7,146),(2,150),(1,151),(7,152),(7,155),(2,157),(2,163),(1,173),(1,174),(7,176),(7,177),(7,178),(7,179),(7,180),(7,181),(1,182),(2,183),(7,184),(7,186),(7,187),(7,188),(7,189),(7,190),(7,191),(7,192),(7,193),(7,194),(6,195),(4,195),(7,195),(7,200),(2,202),(7,203),(6,208),(2,209),(7,210),(7,212),(2,215),(1,216),(2,219),(7,220),(7,221),(7,222),(7,223),(1,225),(7,226),(6,227),(7,228),(7,230),(7,231),(2,232),(6,234),(6,234),(6,234),(2,234),(3,234),(6,234),(7,235),(4,236),(7,237),(7,238),(7,239),(6,240),(7,240),(7,241),(3,242),(6,242),(6,242),(2,242),(7,243),(7,244),(7,245),(7,246),(1,247),(7,249),(7,250),(7,251),(6,252),(2,252),(3,252),(1,252),(7,254),(7,255),(7,257),(7,258),(7,259),(7,260),(7,261),(7,262),(6,264),(2,269),(7,270),(7,271),(4,272),(7,273),(7,274),(7,275),(7,276),(7,277),(7,278),(6,279),(7,280),(7,281),(2,282),(7,283),(7,284),(6,285),(2,285),(3,285),(6,285),(7,286),(7,287),(7,288),(7,289),(7,290),(7,291),(7,292),(1,293),(7,294),(2,295),(7,297),(7,298),(7,299),(7,300),(2,302),(7,303),(2,305),(7,306),(7,308),(7,309),(7,310),(7,311),(7,312),(2,313),(7,314),(7,315),(7,316),(2,317),(2,318),(7,319),(7,320),(1,321),(1,322),(6,323),(1,324),(2,325),(7,326),(7,327),(7,328),(2,329),(2,330),(7,331),(2,333),(1,334),(1,336),(7,337),(2,338),(7,339),(6,340),(2,341),(2,342),(1,343),(7,344),(7,345),(7,346);
/*!40000 ALTER TABLE `occurrence_object_occurrence_report` ENABLE KEYS */;
UNLOCK TABLES;

--
-- Table structure for table `occurrence_objects`
--

DROP TABLE IF EXISTS `occurrence_objects`;
/*!40101 SET @saved_cs_client     = @@character_set_client */;
 SET character_set_client = utf8mb4 ;
CREATE TABLE `occurrence_objects` (
  `id` int(10) unsigned NOT NULL AUTO_INCREMENT,
  `description` varchar(255) COLLATE utf8mb4_unicode_ci NOT NULL,
  `created_at` timestamp NULL DEFAULT NULL,
  `updated_at` timestamp NULL DEFAULT NULL,
  `deleted_at` timestamp NULL DEFAULT NULL,
  PRIMARY KEY (`id`)
) ENGINE=InnoDB AUTO_INCREMENT=8 DEFAULT CHARSET=utf8mb4 COLLATE=utf8mb4_unicode_ci;
/*!40101 SET character_set_client = @saved_cs_client */;

--
-- Dumping data for table `occurrence_objects`
--

LOCK TABLES `occurrence_objects` WRITE;
/*!40000 ALTER TABLE `occurrence_objects` DISABLE KEYS */;
INSERT INTO `occurrence_objects` VALUES (1,'Bicicletas','2019-04-03 03:27:36','2019-04-03 03:27:36',NULL),(2,'Celular','2019-04-03 03:27:36','2019-04-03 03:27:36',NULL),(3,'Documentos','2019-04-03 03:27:36','2019-04-03 03:27:36',NULL),(4,'Notebook','2019-04-03 03:27:36','2019-04-03 03:27:36',NULL),(5,'Veículos','2019-04-03 03:27:36','2019-04-03 03:27:36',NULL),(6,'Objetos Pessoais','2019-04-03 03:27:36','2019-04-03 03:27:36',NULL),(7,'Outros','2019-04-03 03:27:36','2019-04-03 03:27:36',NULL);
/*!40000 ALTER TABLE `occurrence_objects` ENABLE KEYS */;
UNLOCK TABLES;

--
-- Table structure for table `occurrence_reports`
--

DROP TABLE IF EXISTS `occurrence_reports`;
/*!40101 SET @saved_cs_client     = @@character_set_client */;
 SET character_set_client = utf8mb4 ;
CREATE TABLE `occurrence_reports` (
  `id` int(10) unsigned NOT NULL AUTO_INCREMENT,
  `title` varchar(255) COLLATE utf8mb4_unicode_ci NOT NULL,
  `story` text COLLATE utf8mb4_unicode_ci NOT NULL,
  `occurrence_date` date NOT NULL,
  `occurrence_time` time NOT NULL,
  `coordinates` varchar(255) COLLATE utf8mb4_unicode_ci NOT NULL,
  `police_report` tinyint(1) NOT NULL DEFAULT '0',
  `estimated_loss` decimal(8,2) DEFAULT NULL,
  `status` enum('NOVO','EM INVESTIGACAO','CONCLUIDO','ARQUIVADA','MIGRADO') COLLATE utf8mb4_unicode_ci DEFAULT NULL,
  `confidential` tinyint(1) NOT NULL DEFAULT '0',
  `user_id` int(10) unsigned NOT NULL,
  `agent_id` int(10) unsigned DEFAULT NULL,
  `occurrence_type_id` int(10) unsigned NOT NULL,
  `created_at` timestamp NULL DEFAULT NULL,
  `updated_at` timestamp NULL DEFAULT NULL,
  `deleted_at` timestamp NULL DEFAULT NULL,
  `police_report_code` varchar(255) COLLATE utf8mb4_unicode_ci DEFAULT NULL,
  `zone_id` int(10) unsigned DEFAULT NULL,
  PRIMARY KEY (`id`),
  KEY `occurrence_reports_user_id_index` (`user_id`),
  KEY `occurrence_reports_agent_id_index` (`agent_id`),
  KEY `occurrence_reports_occurrence_type_id_index` (`occurrence_type_id`),
  KEY `occurrence_reports_zone_id_foreign` (`zone_id`),
  CONSTRAINT `occurrence_reports_zone_id_foreign` FOREIGN KEY (`zone_id`) REFERENCES `zones` (`id`)
) ENGINE=InnoDB AUTO_INCREMENT=347 DEFAULT CHARSET=utf8mb4 COLLATE=utf8mb4_unicode_ci;
/*!40101 SET character_set_client = @saved_cs_client */;

--
-- Dumping data for table `occurrence_reports`
--

LOCK TABLES `occurrence_reports` WRITE;
/*!40000 ALTER TABLE `occurrence_reports` DISABLE KEYS */;
INSERT INTO `occurrence_reports` VALUES (1,'','Carregador de celular Microsoft preto','2017-03-30','10:48:15','-34.95161958038807, -8.055518243395314',0,NULL,'NOVO',0,2,NULL,2,NULL,NULL,NULL,NULL,NULL),(2,'','Carro apareceu com arranhões enormes e profundos no lado direito do carro. Solicito as imagens do Kule 360 na lateral do CAC, que tem câmeras em todas as direções. \n\n\n\nAproximadamente de meio dia, fui no carro e não vi esses arranhões. O incidente foi a partir de 12 horas. Eu cheguei de 8 da manhã. Meu carro foi estacionado do lado da árvore. Um Sandro da placa PCA0835.\n\n\n\nliguei agora de 18:20 nos números 2126-8061/8062 /8013 e todos estavam ocupados.\n\n\n\nPosso passar amanhã para indentificar quem fez isso? Acredito que  foi um carro. Pela placa tentarei localkzat ele. \n\n\n\nDesde já,  muito obrigado.\n\n\n\nAtenciosamente, \n\n\n\nArthur Trindade (81) 999901384 / 986169425','2017-04-04','18:45:50','-34.95482683181763, -8.04974328909724',0,NULL,'NOVO',0,2,NULL,9,NULL,NULL,NULL,NULL,NULL),(3,'','Carregador de celular Microsoft preto com aproximadamente 1,5mt foi furtado nas proximidades do laboratorio de graduação 2','2017-03-30','15:34:22','-34.951672637835145, -8.055580155398886',0,NULL,'NOVO',0,2,NULL,2,NULL,NULL,NULL,NULL,NULL),(4,'','Segundo registro, o aluno colocou cola na fechadura de uma das salas do prédio','2017-01-04','13:47:28','-34.95058703386837, -8.050981508068261',0,NULL,'NOVO',0,22,NULL,9,NULL,NULL,NULL,NULL,NULL),(5,'','O transeunte tomou vários comprimidos de diazepam e precisou de atendimento médico','2017-01-10','10:23:24','-34.95283874833638, -8.05062032281502',0,NULL,'NOVO',0,3,NULL,9,NULL,NULL,NULL,NULL,NULL),(6,'','O aluno foi assaltado por um elemento armado.','2017-03-12','11:19:51','-34.94922178947979, -8.047781289280392',0,NULL,'NOVO',0,22,NULL,2,NULL,NULL,NULL,NULL,NULL),(7,'','Furto de bicicleta.','2017-01-13','11:26:59','-34.95045761728341, -8.050726553805296',0,NULL,'ARQUIVADA',0,22,NULL,2,NULL,NULL,NULL,NULL,NULL),(8,'','O dinheiro foi furtado da bolsa da vítima','2017-01-13','11:30:57','-34.956713199258395, -8.048883442173072',0,NULL,'NOVO',0,22,NULL,2,NULL,NULL,NULL,NULL,NULL),(9,'','Foi furtada uma bomba d\'água.','2017-01-16','11:35:39','-34.87512308323438, -8.02504971392453',0,NULL,'NOVO',0,22,NULL,2,NULL,NULL,NULL,NULL,NULL),(10,'','Arrombamento do almoxarifado e desaparecimento de 3 bolas','2017-01-19','11:39:11','-34.95363938772733, -8.051576400724477',0,NULL,'NOVO',0,22,NULL,2,NULL,NULL,NULL,NULL,NULL),(11,'','Carro com as chaves na porta no estacionamento do CCS.','2016-08-19','11:42:55','-34.946569084764064, -8.050439730067641',0,NULL,'ARQUIVADA',0,22,NULL,9,NULL,NULL,NULL,NULL,NULL),(12,'','A aluna teve o celular roubado por trás do CFCH','2017-02-20','11:47:23','-34.95389151537472, -8.050030740312701',0,NULL,'NOVO',0,22,NULL,2,NULL,NULL,NULL,NULL,NULL),(13,'','Colisão de uma caminhonete Montana Branca e a viatura 15 na saída do estacionamento do CFCH','2017-03-20','11:52:11','-34.95393443071896, -8.050083855888618',0,NULL,'NOVO',0,22,NULL,9,NULL,NULL,NULL,NULL,NULL),(14,'','Dano a veículo. Queda de uma colmeia de uma árvore em cima do Siena prata que estava estacionado.','2017-02-20','11:55:06','-34.95149898493344, -8.05106118124254',0,NULL,'NOVO',0,22,NULL,9,NULL,NULL,NULL,NULL,NULL),(15,'','','2017-01-23','11:59:54','-34.95393443071897, -8.054152488302686',0,NULL,'MIGRADO',0,22,NULL,2,NULL,NULL,NULL,NULL,NULL),(16,'','O transeunte precisou de atendimento médico.','2016-06-25','12:04:19','-34.95390224421079, -8.050009494080372',0,NULL,'ARQUIVADA',0,22,NULL,9,NULL,NULL,NULL,NULL,NULL),(17,'','Colisão da viatura KHI 2803 com bicicleta.','2017-01-25','12:08:26','-34.94756686651761, -8.05174636989434',0,NULL,'NOVO',0,22,NULL,9,NULL,NULL,NULL,NULL,NULL),(18,'','Umgalho caiu da árvore em cima do veículo Palio Fire KIR 0187','2017-01-27','12:11:16','-34.95400416815335, -8.051130231314234',0,NULL,'NOVO',0,22,NULL,9,NULL,NULL,NULL,NULL,NULL),(19,'','Segundo registro ,caiu um galho de uma arvore no veiculo Palio Fire KIR 0187.','2017-03-27','15:12:20','-34.96030735933835, -8.052829921675421',0,NULL,'NOVO',0,22,NULL,9,NULL,NULL,NULL,NULL,NULL),(20,'','Segundo o registro de ocorrência a vitima teve a bicicleta furtada do estacionamento da casa mista.','2016-11-28','15:25:01','-34.94966435396725, -8.056016821873973',0,NULL,'ARQUIVADA',0,22,NULL,2,NULL,NULL,NULL,NULL,NULL),(21,'','Segundo registro de ocorrência a aluna precisou receber socorro','2017-02-09','16:00:30','-34.949793099999965, -8.0507478',0,NULL,'CONCLUIDO',0,22,NULL,9,NULL,NULL,NULL,NULL,NULL),(22,'','Segundo registro de ocorrência a transeunte precisou receber atendimento medico.','2017-04-09','16:11:12','-34.9503939148193, -8.046413553209254',0,NULL,'NOVO',0,22,NULL,9,NULL,NULL,NULL,NULL,NULL),(23,'','Segundo registro de ocorrência a placa 1878  uma ambulância da secretaria da saúde  colidiu com um veiculo não identificado.','2016-10-11','16:22:08','-34.949535607934536, -8.05355228791883',0,NULL,'ARQUIVADA',0,22,NULL,9,NULL,NULL,NULL,NULL,NULL),(24,'','Segundo registro de ocorrência o Sr. Crivison teve o pneu step furtado, placa OYO 7466.','2017-02-11','16:38:33','-34.94387078249509, -8.056271772806134',0,NULL,'NOVO',0,22,NULL,2,NULL,NULL,NULL,NULL,NULL),(25,'','O aluno weliton Henrique teve o pneu step furtado que estava no estacionamento de CTG, um FIAT placa PFB 5198.','2017-05-11','16:46:52','-34.95262551271969, -8.053892224528678',0,NULL,'NOVO',0,22,NULL,2,NULL,NULL,NULL,NULL,NULL),(26,'','O Sr.Carlos Frederico teve  furtado um pneu step , um carrinho de bebe,um compressor , um aspirador de pó de veiculo.','2017-05-11','16:53:33','-34.949793099999965, -8.054317144889652',0,NULL,'NOVO',0,22,NULL,2,NULL,NULL,NULL,NULL,NULL),(27,'','a vitima teve a bicicleta furtada.','2017-01-31','14:47:54','-34.94690704309994, -8.053807240402975',0,NULL,'NOVO',0,3,NULL,2,NULL,NULL,NULL,NULL,NULL),(28,'','Prestação de socorro.','2017-03-09','14:50:06','-34.93932175600583, -8.051067554998552',0,NULL,'MIGRADO',0,22,NULL,9,NULL,NULL,NULL,NULL,NULL),(29,'','Prestação de socorro','2017-03-11','14:56:15','-34.950538754106105, -8.047725517608553',0,NULL,'CONCLUIDO',0,22,NULL,9,NULL,NULL,NULL,NULL,NULL),(30,'','Segundo registro de ocorrência colidiu uma ambulância da secretaria de saúde do Recife placa PFX 1878 e o veiculo do Sr. Ivison.','2017-02-11','15:01:10','-34.95560276472622, -8.049935132258486',0,NULL,'NOVO',0,22,NULL,9,NULL,NULL,NULL,NULL,NULL),(31,'','Segundo registro de ocorrência o Sr. Crivison teve pneu step furtado do estacionamento CCEN. FIAT placa OYO 7466 .','2017-02-11','15:06:05','-34.952266096711696, -8.056521412104958',0,NULL,'NOVO',0,22,NULL,2,NULL,NULL,NULL,NULL,NULL),(32,'','O aluno Weliton Henrique teve pneu step furtado do estacionamento do CTG FIAT placa PFB5198.','2017-02-11','15:09:36','-34.95228755438382, -8.053169858891662',0,NULL,'NOVO',0,22,NULL,2,NULL,NULL,NULL,NULL,NULL),(33,'','O Sr Carlos Frederico teve o pneu step , um carrinho de bebe, um compressor e um aspirador veicular furtado.','2017-02-11','15:14:46','-34.95191204512173, -8.055655641111864',0,NULL,'NOVO',0,22,NULL,2,NULL,NULL,NULL,NULL,NULL),(34,'','A aluna Isabele Morais teve pneu step furtado do estacionamento da AREA II FIAT placa OJD 7291','2017-02-16','15:20:02','-34.95398271048123, -8.056388625263056',0,NULL,'NOVO',0,22,NULL,2,NULL,NULL,NULL,NULL,NULL),(35,'','','2016-06-17','15:23:05','-34.95415437185818, -8.053881601513941',0,NULL,'ARQUIVADA',0,22,NULL,2,NULL,NULL,NULL,NULL,NULL),(36,'','Prestação de socorro.','2016-06-20','15:29:52','-34.94263160193021, -8.047295278739167',0,NULL,'ARQUIVADA',0,22,NULL,9,NULL,NULL,NULL,NULL,NULL),(37,'','Segundo registro de ocorrência varias, apreensão de drogas em todo o campus.','2017-02-22','15:34:16','-34.94987356627041, -8.051772927570688',0,NULL,'NOVO',0,22,NULL,9,NULL,NULL,NULL,NULL,NULL),(38,'','Prestação de socorro da servidora Maria de Fatima Vicente','2017-02-23','15:36:40','-34.950962543130466, -8.04870391103136',0,NULL,'CONCLUIDO',0,22,NULL,9,NULL,NULL,NULL,NULL,NULL),(39,'','Foi aprendido uma pequena quantidade de intorpecente.','2017-02-24','15:38:58','-34.95143997633511, -8.050997442704377',0,NULL,'NOVO',0,22,NULL,9,NULL,NULL,NULL,NULL,NULL),(40,'','ocorrencia foi aprendido uma pequena quantidade de intorpecente.','2017-05-23','15:45:57','-34.955452561021396, -8.052749186479788',0,NULL,'NOVO',0,22,NULL,9,NULL,NULL,NULL,NULL,NULL),(41,'','Segundo registro de ocorrência foi furtado dois roteadores.','2017-03-02','15:53:54','-34.95399343931729, -8.049998870963794',0,NULL,'NOVO',0,22,NULL,2,NULL,NULL,NULL,NULL,NULL),(42,'','O elemento foi flagrado com objetos de furto.','2017-03-06','15:55:58','-34.95397198164517, -8.050126348344333',0,NULL,'NOVO',0,22,NULL,9,NULL,NULL,NULL,NULL,NULL),(43,'','Prestação de socorro.','2017-04-07','15:59:28','-34.96209371054227, -8.053857168384473',0,NULL,'CONCLUIDO',0,22,NULL,9,NULL,NULL,NULL,NULL,NULL),(44,'','Prestação de socorro','2017-03-07','14:44:37','-34.95395588839108, -8.050025428754717',0,NULL,'CONCLUIDO',0,3,NULL,9,NULL,NULL,NULL,NULL,NULL),(45,'','colisão de veículos Punto branco PEV 6613 e Onix branco PYX 5176','2017-03-07','14:48:40','-34.950007676721164, -8.051555154573228',0,NULL,'NOVO',0,22,NULL,9,NULL,NULL,NULL,NULL,NULL),(46,'','Prestação de socorro.','2017-03-07','14:57:45','-34.9467192884689, -8.048718783377184',0,NULL,'CONCLUIDO',0,22,NULL,9,NULL,NULL,NULL,NULL,NULL),(47,'','colisão de veículos. Caminhão placa PGR 9569 colidiu com dois veículos não identificados.','2017-05-08','15:02:06','-34.9527703520065, -8.050779669289984',0,NULL,'NOVO',0,22,NULL,9,NULL,NULL,NULL,NULL,NULL),(48,'','prestação de socorro','2017-06-08','15:05:46','-34.94816231691891, -8.053823174927897',0,NULL,'NOVO',0,22,NULL,9,NULL,NULL,NULL,NULL,NULL),(49,'','prestação de socorro','2017-03-09','15:07:50','-34.95116639101559, -8.049032166189273',0,NULL,'CONCLUIDO',0,22,NULL,9,NULL,NULL,NULL,NULL,NULL),(50,'','colisão de veículos. Prisma PCE 6810 e GOL PGL 7927','2017-03-10','15:12:10','-34.95388078653866, -8.051071804331256',0,NULL,'NOVO',0,22,NULL,9,NULL,NULL,NULL,NULL,NULL),(51,'','a aluno percebeu que as calotas do carro dele foram furtadas.','2017-04-13','15:29:21','-34.95443868601376, -8.054019700683789',0,NULL,'NOVO',0,22,NULL,2,NULL,NULL,NULL,NULL,NULL),(52,'','A arma do vigilante TKS foi roubada.','2017-03-16','15:32:42','-34.95233985745961, -8.048939213685552',0,NULL,'NOVO',0,22,NULL,2,NULL,NULL,NULL,NULL,NULL),(53,'','','2017-03-16','15:34:20','-34.95347577297742, -8.048339005576661',0,NULL,'MIGRADO',0,22,NULL,2,NULL,NULL,NULL,NULL,NULL),(54,'','','2017-04-16','15:36:23','-34.95585221016461, -8.055180262999997',0,NULL,'MIGRADO',0,22,NULL,2,NULL,NULL,NULL,NULL,NULL),(55,'','armário arrombado','2017-05-29','15:40:17','-34.94660395348126, -8.050325531671122',0,NULL,'CONCLUIDO',0,22,NULL,9,NULL,NULL,NULL,NULL,NULL),(56,'','','2017-03-21','15:43:41','-34.95326656067425, -8.048801112783499',0,NULL,'MIGRADO',0,22,NULL,2,NULL,NULL,NULL,NULL,NULL),(57,'','prestação de socorro','2017-03-21','15:47:26','-34.94898039066845, -8.051446268030586',0,NULL,'CONCLUIDO',0,22,NULL,9,NULL,NULL,NULL,NULL,NULL),(58,'','RECOLHIMENTO DE ANIMAL DE GRANDE PORTE (CAVALO)QUE ESTAVA MORTO.VEICULO UTILIZADO PARA CONDUÇÃO CAMINHÃO PLACA PCN 1436 MORENO PE.(ENLURB RECIFE)','2017-05-29','15:55:34','-34.949793099999965, -8.0507478',0,NULL,'NOVO',0,23,NULL,9,NULL,NULL,NULL,NULL,NULL),(59,'','','2017-03-23','16:00:02','-34.95123881065899, -8.049002952547534',0,NULL,'MIGRADO',0,22,NULL,2,NULL,NULL,NULL,NULL,NULL),(60,'','prestação de socorro','2017-03-23','16:01:59','-34.94853514397198, -8.050256481462256',0,NULL,'CONCLUIDO',0,22,NULL,9,NULL,NULL,NULL,NULL,NULL),(61,'','colisão de veículos. ONIX PGL 5790 e HB20 final da placa 7615','2017-04-23','16:11:21','-34.9450804587608, -8.052338605663325',0,NULL,'NOVO',0,22,NULL,9,NULL,NULL,NULL,NULL,NULL),(62,'','3 pessoas foram roubadas na ZLE','2017-03-23','16:19:19','-34.95546597206646, -8.050723898030878',0,NULL,'NOVO',0,22,NULL,2,NULL,NULL,NULL,NULL,NULL),(63,'','','2017-03-26','16:21:44','-34.94101422989422, -8.05324156436177',0,NULL,'MIGRADO',0,22,NULL,2,NULL,NULL,NULL,NULL,NULL),(64,'','','2017-03-28','16:24:26','-34.95144265854413, -8.049364139242776',0,NULL,'MIGRADO',0,22,NULL,2,NULL,NULL,NULL,NULL,NULL),(65,'','prestação de socorro','2017-04-28','16:25:53','-34.9539961215263, -8.051074460103397',0,NULL,'NOVO',0,22,NULL,9,NULL,NULL,NULL,NULL,NULL),(66,'','prestação de socorro','2017-03-29','16:28:51','-34.954446732640804, -8.054006421919505',0,NULL,'CONCLUIDO',0,22,NULL,9,NULL,NULL,NULL,NULL,NULL),(67,'','Prestação de socorro','2017-03-30','09:26:34','-34.95259869062955, -8.05075842309694',0,NULL,'CONCLUIDO',0,3,NULL,9,NULL,NULL,NULL,NULL,NULL),(68,'','prestação de socorro','2017-03-30','09:31:44','-34.94236874544674, -8.052468738070509',0,NULL,'CONCLUIDO',0,22,NULL,9,NULL,NULL,NULL,NULL,NULL),(69,'','prestação de socorro','2017-03-31','09:35:50','-34.953805684686245, -8.051151477487773',0,NULL,'CONCLUIDO',0,22,NULL,9,NULL,NULL,NULL,NULL,NULL),(70,'','','2017-03-31','09:41:03','-34.954712271333285, -8.05102506264155',0,NULL,'MIGRADO',0,22,NULL,2,NULL,NULL,NULL,NULL,NULL),(71,'','Assalto próximo ao restaurante paraibano.','2017-04-01','09:45:43','-34.95547401869351, -8.05108773896382',0,NULL,'NOVO',0,22,NULL,2,NULL,NULL,NULL,NULL,NULL),(72,'','','2017-04-01','09:48:18','-34.95484101736599, -8.05001480563856',0,NULL,'MIGRADO',0,22,NULL,2,NULL,NULL,NULL,NULL,NULL),(73,'','prestação de socorro','2017-04-01','10:03:23','-34.95368230307156, -8.051257708338742',0,NULL,'CONCLUIDO',0,22,NULL,9,NULL,NULL,NULL,NULL,NULL),(74,'','prestação de socorro','2017-04-03','10:06:14','-34.952566504121364, -8.050715930707522',0,NULL,'CONCLUIDO',0,22,NULL,9,NULL,NULL,NULL,NULL,NULL),(75,'','prestação de socorro','2017-03-03','10:08:17','-34.94700360262448, -8.053955962611246',0,NULL,'CONCLUIDO',0,22,NULL,9,NULL,NULL,NULL,NULL,NULL),(76,'','Homicídio em frente ao CFCH','2017-05-30','10:13:18','-34.954739093423434, -8.050032864943965',0,NULL,'NOVO',0,22,NULL,9,NULL,NULL,NULL,NULL,NULL),(77,'','prestação de socorro','2017-04-07','10:17:53','-34.947073340058864, -8.053849732468052',0,NULL,'CONCLUIDO',0,22,NULL,9,NULL,NULL,NULL,NULL,NULL),(78,'','Prestação de socorro','2017-04-08','10:21:42','-34.94744080269391, -8.053844420960155',0,NULL,'CONCLUIDO',0,22,NULL,9,NULL,NULL,NULL,NULL,NULL),(79,'','prestação de socorro','2017-04-10','10:28:18','-34.945281624436916, -8.052367819064498',0,NULL,'CONCLUIDO',0,22,NULL,9,NULL,NULL,NULL,NULL,NULL),(80,'','Roubo de veículo no portão de odontologia','2017-04-12','10:33:49','-34.948564648271145, -8.046397618392879',0,NULL,'NOVO',0,22,NULL,2,NULL,NULL,NULL,NULL,NULL),(81,'','prestação de socorro','2017-04-12','10:54:56','-34.95397198164517, -8.050158217683203',0,NULL,'CONCLUIDO',0,22,NULL,9,NULL,NULL,NULL,NULL,NULL),(82,'','prestação de socorro','2017-04-16','10:57:41','-34.94795981013829, -8.050202569045943',0,NULL,'CONCLUIDO',0,22,NULL,9,NULL,NULL,NULL,NULL,NULL),(83,'','roubo de caixa de ferramentas','2017-04-17','11:05:27','-34.8732897933727, -8.041798272021754',0,NULL,'NOVO',0,22,NULL,2,NULL,NULL,NULL,NULL,NULL),(84,'','ferramentas e uma camisa do Sport roubadas.','2017-04-19','11:09:42','-34.954430639386715, -8.053974552883451',0,NULL,'NOVO',0,22,NULL,2,NULL,NULL,NULL,NULL,NULL),(85,'','dano a veículo','2017-04-20','11:12:59','-34.94772511684948, -8.046697723996164',0,NULL,'NOVO',0,22,NULL,9,NULL,NULL,NULL,NULL,NULL),(86,'','furto de duas bicicletas','2017-04-23','11:18:57','-34.95210248196179, -8.0557061002083',0,NULL,'NOVO',0,22,NULL,2,NULL,NULL,NULL,NULL,NULL),(87,'','prestação de socorro','2017-04-24','11:22:42','-34.953658163190426, -8.049257907895246',0,NULL,'NOVO',0,22,NULL,9,NULL,NULL,NULL,NULL,NULL),(88,'','','2017-04-24','11:29:13','-34.843322813153804, -7.990911453408401',0,NULL,'MIGRADO',0,22,NULL,2,NULL,NULL,NULL,NULL,NULL),(89,'','Prestação de socorro','2017-04-25','11:33:08','-34.95259600842053, -8.050819505898914',0,NULL,'NOVO',0,22,NULL,9,NULL,NULL,NULL,NULL,NULL),(90,'','prestação de socorro','2017-04-25','11:37:26','-34.95257455074841, -8.050861998277481',0,NULL,'NOVO',0,22,NULL,9,NULL,NULL,NULL,NULL,NULL),(91,'','prestação de socorro','2017-04-26','11:41:42','-34.950943767667354, -8.046857072013774',0,NULL,'NOVO',0,22,NULL,9,NULL,NULL,NULL,NULL,NULL),(92,'','Rafael de Souza Muniz  e Ítalo Henrique Cabral, Jean Lucas da Silva - moradores da Várzea , estavam fazendo uso de entorpecentes','2017-04-27','11:44:44','-34.955149471402706, -8.051318791065427',0,NULL,'NOVO',0,22,NULL,9,NULL,NULL,NULL,NULL,NULL),(93,'','Gabriel jerônimo Xavier registra que foi abordado por 2 meliantes com faca e teve de entregar celular.','2017-04-30','11:49:50','-34.95274621212536, -8.047770666105393',0,NULL,'NOVO',0,22,NULL,2,NULL,NULL,NULL,NULL,NULL),(94,'','dois meliantes aparentando idade média 14/16 escalaram cobogós CIS, arrombaram sala do vigilante e furtaram materiais.','2017-05-02','11:54:18','-34.93977504932935, -8.054339983957403',0,NULL,'NOVO',0,22,NULL,2,NULL,NULL,NULL,NULL,NULL),(95,'','','2017-05-02','11:58:55','-34.95375472271496, -8.049024198832647',0,NULL,'MIGRADO',0,22,NULL,2,NULL,NULL,NULL,NULL,NULL),(96,'','','2017-05-30','12:02:17','-34.94353282415921, -8.04793638750638',0,NULL,'MIGRADO',0,22,NULL,2,NULL,NULL,NULL,NULL,NULL),(97,'','','2017-05-21','12:04:00','-34.943862735868045, -8.05603328745176',0,NULL,'MIGRADO',0,22,NULL,9,NULL,NULL,NULL,NULL,NULL),(98,'','','2017-05-23','12:05:57','-34.94951683247143, -8.054792524014983',0,NULL,'ARQUIVADA',0,22,NULL,9,NULL,NULL,NULL,NULL,NULL),(99,'','','2017-05-22','12:08:03','-34.947928964734615, -8.05593980541496',0,NULL,'MIGRADO',0,22,NULL,9,NULL,NULL,NULL,NULL,NULL),(100,'','Dois caras armados, um com revolver outro com faca assaltaram um casal, levando celulares e carteira com doc. e dinheiro.','2017-05-22','12:12:01','-34.9527891274696, -8.047770666105393',0,NULL,'NOVO',0,22,NULL,2,NULL,NULL,NULL,NULL,NULL),(101,'','Casal assaltado na pista de cooper,proximo ao CAP. Dois  meliantes , um deles tem uma tatuagem nas costelas lado direito;estava armado com um revolve calibrio 38. foi levado da vitima    um celula com documentos . a PM foi informado e foram aconselados.','2017-05-22','14:13:37','-34.95271134340817, -8.052787429503324',0,NULL,'NOVO',0,22,NULL,2,NULL,NULL,NULL,NULL,NULL),(102,'','','2017-05-24','14:20:40','-34.951810121179165, -8.054997016539657',0,NULL,'MIGRADO',0,22,NULL,9,NULL,NULL,NULL,NULL,NULL),(103,'','Sr. Luis Vinicio sofreu assalto entre o centro de educação e cfch.os meliantes estavam armados,','2016-06-29','14:30:50','-34.95318341219479, -8.052787429503324',0,NULL,'ARQUIVADA',0,22,NULL,2,NULL,NULL,NULL,NULL,NULL),(104,'','foi feito os primeiros socorros ao aluno Deyvison Marlon Santos Batista da Silva Rg. 8675136 SDS Pe.  ,paciente do curso de ciencias biologicas , a acompanhante Beatriz Silva Paiva ,curso Fonoaudiologia Mat. 119158504-28 ,os mesmos foram levados a UPA dos Torroes pelos os agentes Ubiratan e Moab .','2016-06-30','16:02:24','-34.94696068728024, -8.056781674188741',0,NULL,'ARQUIVADA',0,56,NULL,9,NULL,NULL,NULL,NULL,NULL),(105,'','PRESTAÇÃO DE SOCORRO DA B.C PARA UPA-CAXANGÁ DA SERVIDORA DA LISERVE SRA.MARIA DE LURDES DE SOUZA A VITIMA SOFREU UMA QUEDA BATENTO A CABEÇA ESTAVA SENTINDO TONTURA.OBS;C.P.F E EMAIL NÃO INFORFORMADOS.','2017-06-02','14:34:10','-34.949793099999965, -8.0507478',0,NULL,'NOVO',0,23,NULL,9,NULL,NULL,NULL,NULL,NULL),(106,'','A EQUIPE GTO TURMA ¨C¨COM APOIO DAS TURMAS ¨B¨, ¨D¨ E GIP DERAM APOIO NA AUDIENCIA PUBLICA REALIZADA NO CCSA DAS 09;30 AS 14;00.ONDE ESTEVE PRESENTE O MAGNIFICO REITOR,TENDO TRANSCORRIDO E ENCERRADO DENTRO DA NORMALIDADE.','2017-06-02','14:45:50','-34.95133805239255, -8.050662815214476',0,NULL,'NOVO',0,23,NULL,9,NULL,NULL,NULL,NULL,NULL),(107,'','REALIZAÇÃO DO XVIII OPEN DE TAYEKOWDO,DAS 08;00 AS 17;00 NA QUADRA DO COLÉGIO DE APLICAÇÃO.INFORMAÇÃO REPASSADA POR UM DOS ORGANIZADORES.ESTAS INFORMAÇÕES NÃO FOI REPASSADAS ANTECIPADAMENTES PARA O INSPETOR DA TURMA ¨C¨.','2017-06-04','14:15:44','-34.949793099999965, -8.0507478',0,NULL,'NOVO',0,23,NULL,9,NULL,NULL,NULL,NULL,NULL),(108,'','O Sr. Bruno Molevaide dos Santos aluno do Curso de Turismo no Primeiro Período procurou o porteiro do Prédio Sr. Adriano de Almeida CPF 032346464-57 às 16:30 e informou o furto de sua bicicleta Caloi conforme foto anexa que havia deixado como de costume no bicicletário daquele prédio e ao retornar no horário informado não o encontrou esse fato foi registrado pelo segurança da célula sr. Walter Teixeira Siape 1133773','2017-06-05','20:46:52','-34.95014715158994, -8.048139821273265',0,NULL,'CONCLUIDO',0,73,NULL,2,NULL,NULL,NULL,NULL,NULL),(109,'','A VITIMA ESTAVA SEGUINDO EM DIREÇÃO A REITORIA QUANDO PRÓXIMO A PRAÇA DOS TAXISTAS FOI ABORDADA POR UM ELEMENTO QUE LHE SUBTRAIU UMA IMPORTANCIA EM ESPÉCIE.','2017-06-06','11:09:01','-34.949793099999965, -8.0507478',0,NULL,'NOVO',0,23,NULL,2,NULL,NULL,NULL,NULL,NULL),(110,'','AS 10;30 FOMOS ACIONADOS PELO TKS CRISTIANO OLIVEIRA E INFORMADOS QUE UM CAMINHÃO BAÚ MUITO ALTO PLACA CTJ 3204 BATEU E ARRASTOU  UM  O FIO DE TELEFONE DEIXANDO-O ARRIADO E EVADIO-SE .NO LOCAL CONSEGUIMOS FAZER UM PALIATIVO ATÉ O PESSOAL DA ELÉTRICA CHEGAR.','2017-06-08','11:11:17','-34.949793099999965, -8.044953347722728',0,NULL,'ARQUIVADA',0,23,NULL,9,NULL,NULL,NULL,NULL,NULL),(111,'','Abordagem a cinco elementos suspeitos.','2017-01-03','12:06:52','-34.951960324884, -8.047072191738183',0,NULL,'NOVO',1,6,NULL,9,NULL,NULL,NULL,NULL,NULL),(112,'','Ocorrência  nº 0410 Turma A - Segundo registro houve um arrombamento no local','2016-06-28','18:52:37','-35.029615640283176, -8.006340824763518',0,NULL,'ARQUIVADA',0,3,NULL,9,NULL,NULL,NULL,NULL,NULL),(113,'','Ocorrência 0411 - Turma B - segundo registro três cidadãos estavam fazendo o uso de entorpecentes.','2016-06-28','18:57:31','-34.957002877832004, -8.046073610323942',0,NULL,'ARQUIVADA',0,3,NULL,9,NULL,NULL,NULL,NULL,NULL),(114,'','Ocorrência 0412 - Turma C - Segundo registro um elemento teria assaltado algumas pessoas na área externa.','2016-06-29','19:00:51','-34.949793099999965, -8.0507478',0,NULL,'ARQUIVADA',0,3,NULL,2,NULL,NULL,NULL,NULL,NULL),(115,'','Ocorrência 0422 - Turma \"A\" Segundo registro havia um veículo com porta da mala aberta.','2016-08-03','10:00:01','-35.11892247164304, -8.003408518877702',0,NULL,'ARQUIVADA',0,3,NULL,9,NULL,NULL,NULL,NULL,NULL),(116,'','Ocorrência 0429 - turma D, registra que o aluno sofreu um assalto no local.','2016-08-06','10:16:03','-34.949793099999965, -8.0507478',0,NULL,'ARQUIVADA',0,3,NULL,2,NULL,NULL,NULL,NULL,NULL),(117,'','Ocorrência 0439 - turma C - registra que o siena placa PEX 0676 - recife -PE colidiu  na traseira de um fiesta placa NIL 8403 - Recife - PE.','2016-08-12','10:20:41','-34.9497931, -8.0507478',0,NULL,'ARQUIVADA',0,3,NULL,9,NULL,NULL,NULL,NULL,NULL),(118,'','Ocorrência 0441 turma A - segundo o registro o cidadão estava fazendo uso de entorpecentes no local.','2016-08-13','10:49:02','-34.9497931, -8.0507478',0,NULL,'ARQUIVADA',0,3,NULL,9,NULL,NULL,NULL,NULL,NULL),(119,'','Ocorrência 0445 turma A, segundo registro o senhor em uma bicicleta foi atropelado por um veiculo. SAMU foi acionado.','2016-10-15','10:57:11','-34.9497931, -8.0507478',0,NULL,'ARQUIVADA',0,3,NULL,9,NULL,NULL,NULL,NULL,NULL),(120,'','Segundo registro de ocorrencia \"0215\" da turma \"D\" ,o aluno informou que a sala do laboratorio no 3º andar do predio ,foi arrombada , alguns objetos estavam no chão e o mesmo sentiu falta do rotiador.','2016-05-18','11:12:50','-34.949535607934536, -8.050237891019394',0,NULL,'ARQUIVADA',0,22,NULL,9,NULL,NULL,NULL,NULL,NULL),(121,'','Ocorrência 0447 - turma C segundo registro o aluno que estava com seu pai precisou receber atendimento médico. Vitima e pai foram conduzidos ao HC.','2016-08-16','11:44:46','-34.939235925317355, -8.049090593466413',0,NULL,'ARQUIVADA',0,22,NULL,9,NULL,NULL,NULL,NULL,NULL),(122,'','Ocorrência 0448 , turma D, segundo registro dois cidadãos tentaram roubar o estudante, mas o GTO conseguiu deter os meliantes.','2016-08-16','11:49:39','-34.94992184603269, -8.050577830411124',0,NULL,'ARQUIVADA',0,22,NULL,9,NULL,NULL,NULL,NULL,NULL),(123,'','Ocorrência 0453 - turma A, segundo registro o estudante estava em coma alcoólico e precisou receber atendimento médico.','2016-08-19','11:52:49','-34.949793099999965, -8.0507478',0,NULL,'ARQUIVADA',0,22,NULL,9,NULL,NULL,NULL,NULL,NULL),(124,'','Ocorrência 0454 turma B - segundo registro, o estudante em coma alcoólico  e precisou receber atendimento médico. SAMU foi acionado.','2016-08-19','11:59:51','-34.9497931, -8.0507478',0,NULL,'ARQUIVADA',0,22,NULL,9,NULL,NULL,NULL,NULL,NULL),(125,'','Ocorrência 0219 Turma \"C\" - Segundo registro de ocorrencia a aluna veio a SSI informou que teve o celular subtraido por um motoqueiro portando arma de fogo.','2016-04-20','12:01:22','-34.95193886721188, -8.054572096892183',0,NULL,'ARQUIVADA',0,22,NULL,2,NULL,NULL,NULL,NULL,NULL),(126,'','Ocorrência 0221 Turma \"A\" - Segundo registro a aluna foi abordada por elemento e teve seu celular subtraido.','2016-04-21','12:13:58','-34.949793099999965, -8.0507478',0,NULL,'ARQUIVADA',0,22,NULL,2,NULL,NULL,NULL,NULL,NULL),(127,'','ocorrência 0491, turma A - segundo registro uma bicicleta foi furtada no local.','2016-09-08','12:14:03','-34.98730111086423, -8.052787429503324',0,NULL,'ARQUIVADA',0,22,NULL,2,NULL,NULL,NULL,NULL,NULL),(128,'','Ocorrência 0491 - turma A - segundo registro a aluna teve seu celular furtado no banheiro feminino.','2016-09-08','12:18:59','-34.949793099999965, -8.0507478',0,NULL,'ARQUIVADA',0,22,NULL,2,NULL,NULL,NULL,NULL,NULL),(129,'','Ocorrência 0491 - turma D - Segundo registo houve arrombamento em cinco salas e alguns mateiasi foram furtados do local. Informante: Carlos Diego Marinho.','2016-09-10','12:22:49','-34.959749459863254, -8.0430141115273',0,NULL,'ARQUIVADA',0,22,NULL,2,NULL,NULL,NULL,NULL,NULL),(130,'','Ocorrência 0222 Turma\"B\" - Segundo registroduas estudantes que estava acampando no local tiveram seus pertences subtraidos.','2016-04-21','12:32:15','-34.95466399157102, -8.04671100300003',0,NULL,'ARQUIVADA',0,22,NULL,2,NULL,NULL,NULL,NULL,NULL),(131,'','Ocorrência 0510 - turma A, segundo registo houve um assalto no local. Vitimas: Glenda Hadassah Guerra e Montaroyos Seite Pacheco.  PMPE recureou a bolsa da vítima e a conduziu à delegacia da várzea.','2016-09-18','12:36:50','-34.949793099999965, -8.0507478',0,NULL,'ARQUIVADA',0,3,NULL,2,NULL,NULL,NULL,NULL,NULL),(132,'','Ocorrência 0512 - turma C, registra que houve um roubo no local.','2016-09-19','12:40:34','-34.9497931, -8.0507478',0,NULL,'ARQUIVADA',0,3,NULL,2,NULL,NULL,NULL,NULL,NULL),(133,'','Ocorrência - 0516 turma C.','2016-06-21','12:47:37','-34.96138024294431, -8.041229393234273',0,NULL,'ARQUIVADA',0,3,NULL,2,NULL,NULL,NULL,NULL,NULL),(134,'','Ocorrência 0512 turma C, segundo registro ouve um assalto no local.','2016-09-21','12:54:21','-34.94361329042966, -8.045818652972835',0,NULL,'ARQUIVADA',0,3,NULL,2,NULL,NULL,NULL,NULL,NULL),(135,'','Ocorrência 0520 turma C - Segundo registro, o cidadão foi abordado por está com atitudes suspeitas, e com ele foi encontrado uma faca.  Não portava doc. Foi acionado o CIODS e ele foi conduzido à Delegacia da várzea.','2016-09-23','13:00:53','-34.949793099999965, -8.0507478',0,NULL,'ARQUIVADA',0,3,NULL,9,NULL,NULL,NULL,NULL,NULL),(136,'','Ocorrência 0522 - turma A, segundo registro houve um assalto na externa e um dos meliantes foi capturado pela PMPE no campus UFPE.','2016-09-24','13:04:39','-34.9497931, -8.0507478',0,NULL,'ARQUIVADA',0,3,NULL,2,NULL,NULL,NULL,NULL,NULL),(137,'','Ocorrência 0532 turma C -  segundo registro o indivíduo suspeito de praticar um assalto na área externa foi preso dentro do campus portando um simulacro de arma de fogo. a vitima Tayse Feitosa Santos.','2016-09-29','14:25:05','-34.9497931, -8.0507478',0,NULL,'ARQUIVADA',0,3,NULL,2,NULL,NULL,NULL,NULL,NULL),(138,'','ocorrência 0539 turma B - segundo registro alguns indivíduos estavam fazendo uso de entorpecentes no local.','2016-10-02','14:27:46','-34.9497931, -8.0507478',0,NULL,'ARQUIVADA',0,3,NULL,9,NULL,NULL,NULL,NULL,NULL),(139,'','Ocorrência 0556 turma D - segundo registro a senhora foi assaltada no local.','2016-10-11','14:58:51','-34.99124932253415, -8.022361891242955',0,NULL,'ARQUIVADA',0,3,NULL,2,NULL,NULL,NULL,NULL,NULL),(140,'','Ocorrência 0559 turma C - segundo registro de ocorrência o cidadão foi detido por ser suspeito de furtar celular.','2016-10-13','15:02:39','-34.90438866579587, -8.02431667313776',0,NULL,'ARQUIVADA',0,3,NULL,9,NULL,NULL,NULL,NULL,NULL),(141,'','Ocorrência 0561 - turma A - segundo registro o servidor da UFPE deixou sua bicicleta no estacionamento e ao retornar não a encontrou mais.','2016-10-14','15:11:17','-34.949793099999965, -8.0507478',0,NULL,'ARQUIVADA',0,3,NULL,2,NULL,NULL,NULL,NULL,NULL),(142,'','Ocorrência \"0222\" Turma \"B\" -  Segundo registro ,três elementos estavam fazendo o uso de entorpecentes \n\n os elementos foram posto para fora do campus universitario.\n\nEnvolvidos: Lucas Ivonaldo da Silva/ Jorge Jamerson','2016-11-21','15:19:43','-34.937969922662326, -8.06194438950412',0,NULL,'ARQUIVADA',0,22,NULL,9,NULL,NULL,NULL,NULL,NULL),(143,'','Ocorrência 0562 turma B, segundo registro, duas alunas foram assaltadas no local. são elas: Manoela Freire do Nascimento e Daniele Cileto.','2016-10-14','15:21:43','-34.98309540712888, -8.04377898839108',0,NULL,'ARQUIVADA',0,22,NULL,2,NULL,NULL,NULL,NULL,NULL),(144,'','ocorrencia 0598 turma B, segundo o registro o vigilante TKS foi assaltado. Os elementos levaram o colete a prova de balas e a arma do vigilante.','2016-11-02','15:24:30','-34.949793099999965, -8.0507478',0,NULL,'ARQUIVADA',0,22,NULL,2,NULL,NULL,NULL,NULL,NULL),(145,'','Ocorrencia \"0224\" Turma \"D\" Segundo registro  o militar do Exército estava co a menor de idade em um local escuro.\n\nEnvolvido: Diogo Meris dos Santos (militar), Ana Beatriz de Paula (menor), Enes Bezerra ( avô da menor )','2016-04-23','15:38:38','-34.949793099999965, -8.0507478',0,NULL,'ARQUIVADA',0,22,NULL,9,NULL,NULL,NULL,NULL,NULL),(146,'','Ocorrência \"0224\" - Turma \"D\" Segundo registro os canos de cobre do ar-condicionado do prédio foram cortado e furtado.\n\ninformantes: José Carlos Simão / Everaldo Dias(Seguranças da UFPE)\n\nA ocorrência foi registrada.','2016-04-22','15:50:44','-34.96088671648557, -8.052702445145757',0,NULL,'ARQUIVADA',0,22,NULL,2,NULL,NULL,NULL,NULL,NULL),(147,'','Ocorrência \"0229\" - Segundo registro o carro corola ,placa HFX - 7958, encontrava - se com o vidro diateiro aberto.\n\no proprieterio não foi encontrado.','2016-04-25','15:59:25','-34.949793099999965, -8.0507478',0,NULL,'ARQUIVADA',0,22,NULL,9,NULL,NULL,NULL,NULL,NULL),(148,'','Ocorrência \"0230\" Turma \"B\" Segundo registro havia um pricipio de incêndio em veículo. Ocorpo de bombeiro foi acionado e o proprietario registrou o B.O.\n\nProrietario : Jardel mJackson de Oliveira Silva.','2016-04-26','16:10:58','-34.9497931, -8.0507478',0,NULL,'ARQUIVADA',0,22,NULL,9,NULL,NULL,NULL,NULL,NULL),(149,'','Os GTO\"s João Luiz Bezerra  e Manoel Borges prestaram socorro a estudante Yalle Mikaele Medeiros Moura, CPF 107192464-82, aluna do 7° período de Letras - Bacharelado fone 21268066 e a mesma foi acompanhada pela também estudante Andreza Maria da Silva, aluna do 5° período de Biologia, CPF 103044264-90. Foi levada para UPA da Av. Caxangá.','2017-06-10','15:11:03','-34.869841813684054, -8.048028278020588',0,NULL,'NOVO',0,67,NULL,9,NULL,NULL,NULL,NULL,NULL),(150,'','Segundo ocorrencia 3231 Turma \"C\" a aluna cochilou por volta do meio dia, em uma cabine da biblioteca central e teve seu celular trocado.','2016-05-26','14:55:01','-34.949793099999965, -8.0507478',0,NULL,'ARQUIVADA',0,22,NULL,2,NULL,NULL,NULL,NULL,NULL),(151,'','Segundo registro de  ocorrência 0233 Turma \"A\" o aluno deixou sua bicicleta proxima a guarita de segurança e ao retornar não encontro.','2016-03-27','15:12:04','-34.9497931, -8.0507478',0,NULL,'ARQUIVADA',0,22,NULL,2,NULL,NULL,NULL,NULL,NULL),(152,'','Ocorrencia 0233 Turma  \"A\" segundo registro foi encontrado uma carteira com documentos .','2016-04-27','15:23:00','-34.87602162325437, -8.048368219266274',0,NULL,'ARQUIVADA',0,22,NULL,9,NULL,NULL,NULL,NULL,NULL),(153,'','O Sr. YAN LUKAS MULITERNO LUCENA, estudante do 11° período do Curso de Engenharia Cartográfica vinha pilotando sua moto Honda Bros150, placa PDD0972 pela Av. Jorn. Anibal Fernades e ao fazer a curva para a Av. dos Reitores, linvrando um \"BURACO\" tombou a moto machucando o joelho esdquerdo. O mesmo foi socorrido pelos GTOs João Francisco e José Edson e levado na VT16 para a UPA / CAXANGÁ onde ficou em companhia do Sr.WALLAMYS ALEXANDRE R. VENANCIO, CPF 103.087.104 - 36 amigo e também aluno de Eng. Cartográfica. Este ocorrência foi passada para a DGOS às 12:50, pelo TKS LEANDRO GONÇALVES, Mat. 1751.','2016-10-12','15:25:38','-34.950474381089755, -8.054072815736582',0,NULL,'ARQUIVADA',0,67,NULL,9,NULL,NULL,NULL,NULL,NULL),(154,'','Ocorrência 0547 - Turma B - segundo registro um casal foi assaltado por um cidadão que portava arma de fogo.','2016-10-06','15:28:25','-34.949793099999965, -8.0507478',0,NULL,'ARQUIVADA',0,3,NULL,2,NULL,NULL,NULL,NULL,NULL),(155,'','Segundo Ocorrencia 0234 Turma \"B\" - Segundo registro um STEP de um Palio foi furtado .alem do furto, algumas avarias foram encontradas no veiculo.','2017-04-04','15:31:25','-34.95142388308103, -8.040039576675552',0,NULL,'NOVO',0,3,NULL,2,NULL,NULL,NULL,NULL,NULL),(156,'','Ocorrência 0598 - turma B - segundo registro o vigilante da TKS - foi assaltado . os meliantes levaram o colete a prova de balas e a arma do vigilante TKS.','2016-11-11','15:33:49','-34.9497931, -8.0507478',0,NULL,'ARQUIVADA',0,3,NULL,2,NULL,NULL,NULL,NULL,NULL),(157,'','Segundo Ocorrencia 0234 - segundo registro três alunos tiveram seus celulares roubados no local.\n\nOsuspeito foi detidoe dois celulares foram recuperados ,apos a chegada de uma viatura da PM o suspeito foi liberado.','2016-04-27','15:38:47','-34.95955634081418, -8.053042382469004',0,NULL,'ARQUIVADA',0,3,NULL,2,NULL,NULL,NULL,NULL,NULL),(158,'','Ocorrência 0617 - Turma A - segundo regisrto o aluno veio a DGOS informar que algumas peças da sua bicicleta foram furtadas.','2016-11-11','15:40:10','-34.9497931, -8.0507478',0,NULL,'ARQUIVADA',0,3,NULL,2,NULL,NULL,NULL,NULL,NULL),(159,'','Ocorrência 0631 - Turma D - segundo  registro dois estudantes estavam brigado no local.','2016-11-19','15:43:56','-34.9497931, -8.0507478',0,NULL,'ARQUIVADA',0,3,NULL,9,NULL,NULL,NULL,NULL,NULL),(160,'','Ocorrência 0641 - Turma B - segundo registro a senhora foi assaltada no local.','2016-11-23','15:46:25','-34.9497931, -8.0507478',0,NULL,'ARQUIVADA',0,3,NULL,2,NULL,NULL,NULL,NULL,NULL),(161,'','Ocorrência 0665 - turma D - segundo registro três estudantes foram assaltados na área externa.','2016-11-06','15:49:35','-34.9497931, -8.0507478',0,NULL,'ARQUIVADA',0,3,NULL,2,NULL,NULL,NULL,NULL,NULL),(162,'','Ocorrência 0672 Turma B - segundo registro dois estudantes foram assaltados no laguinho.','2016-12-10','15:52:26','-34.9497931, -8.0507478',0,NULL,'ARQUIVADA',0,3,NULL,2,NULL,NULL,NULL,NULL,NULL),(163,'','Ocorrencia 0235 Turma \"C\" Segundo registro a funcionaria da veneza serviço nos informou que aproximadamente as 07:20h foi abordada por um meliante que portava arma de fogo e teve seu celular roubado.','2016-06-28','15:52:37','-34.932970285058566, -8.04450137077079',0,NULL,'ARQUIVADA',0,3,NULL,2,NULL,NULL,NULL,NULL,NULL),(164,'','ocorrência 0673 - Turma C - segundo registro um indivíduo alcoolizado caiu e bateu com a cabeça.','2016-12-10','15:55:11','-34.9497931, -8.0507478',0,NULL,'ARQUIVADA',0,3,NULL,2,NULL,NULL,NULL,NULL,NULL),(165,'','OCORRÊNCIA 0681 - TURMA C - segundo registro uma caneta de alta rotação foi furtada.','2016-12-13','15:59:18','-34.9497931, -8.0507478',0,NULL,'ARQUIVADA',0,3,NULL,2,NULL,NULL,NULL,NULL,NULL),(166,'','Ocorrência 0694 - turma C - segundo registro houve um assalto no local.','2016-12-21','16:02:15','-34.9497931, -8.0507478',0,NULL,'ARQUIVADA',0,3,NULL,2,NULL,NULL,NULL,NULL,NULL),(167,'','Ocorrência 0695 turma B - segundo registro dois elementos entraram pelo portão do CCEN com vários objetos roubados.','2016-12-23','16:05:40','-34.9497931, -8.0507478',0,NULL,'ARQUIVADA',0,3,NULL,2,NULL,NULL,NULL,NULL,NULL),(168,'','Ocorrências 0695 - Turma B - segundo registro dois elementos entraram pelo portão do CCEN com vários objetos roubados.','2016-12-22','16:07:57','-34.9497931, -8.0507478',0,NULL,'ARQUIVADA',0,3,NULL,9,NULL,NULL,NULL,NULL,NULL),(169,'','Ocorrência 0708 turma A - segundo registro a prefeitura foi arrombada e foi levado uma quantia em dinheiro do do funcionário.','2016-06-29','16:15:21','-34.9497931, -8.0507478',0,NULL,'ARQUIVADA',0,3,NULL,9,NULL,NULL,NULL,NULL,NULL),(170,'','ocorrência 0708 turma A - segundo registro a prefeitura foi arrombada e foi levado uma quantia em dinheiro do funcionário.','2016-12-29','16:17:59','-34.9497931, -8.0507478',0,NULL,'ARQUIVADA',0,3,NULL,2,NULL,NULL,NULL,NULL,NULL),(171,'','Ocorrencia 0235 Turma \"C\" segundo o registro o aluno estava sentado na calçado quando o menor ,acompanhadode outros dois menores , tentou puxar o celular da sua mão . \n\nDoius menores foram apreendideos . A vitima não quis ser conduzida a delegacia.','2016-04-28','16:22:14','-34.94880604708249, -8.049026854618198',0,NULL,'ARQUIVADA',0,3,NULL,9,NULL,NULL,NULL,NULL,NULL),(172,'','O correncia 238 Turma \"B\" - Dois individuos estavam fazendo uso de entorpecente. Os individuos foram retirados do campus.','2016-04-29','16:29:58','-34.949793099999965, -8.0507478',0,NULL,'ARQUIVADA',0,3,NULL,9,NULL,NULL,NULL,NULL,NULL),(173,'','Ocorrência 0250 TURMA \"C\"- segundo registro no dia 03/05/2016, senhor deixou a bicicleta no local e ao retornar não a encontrou mais.','2016-06-06','16:44:36','-34.949793099999965, -8.0507478',0,NULL,'ARQUIVADA',0,21,NULL,2,NULL,NULL,NULL,NULL,NULL),(174,'','Ocorrência 0250 TURMA \'C\",segundo registro, o senhor deixou a bicicleta do ITAÚ no local e ao retornar não a encontrou mais.','2016-05-06','16:52:18','-34.9497931, -8.0507478',0,NULL,'ARQUIVADA',0,3,NULL,2,NULL,NULL,NULL,NULL,NULL),(175,'','Ocorrência 0270, TURMA \"C\", segundo registro os fios de cobre dos ar condicionados do departamento foram furtados.','2016-05-16','16:58:13','-34.934000253320285, -8.055251968114073',0,NULL,'ARQUIVADA',0,3,NULL,2,NULL,NULL,NULL,NULL,NULL),(176,'','Ocorrência 0275, TURMA \"D\", segundo registro alguns materiais ortodônticos foram furtados do armário da aluna.','2016-05-18','17:20:34','-34.949793099999965, -8.0507478',0,NULL,'ARQUIVADA',0,3,NULL,2,NULL,NULL,NULL,NULL,NULL),(177,'','Ocorrência 0277, TURMA \"B\", segundo registro alguns fios de cobre das tubulações de ar condicionados foram furtados.','2016-05-19','17:29:49','-34.9497931, -8.0507478',0,NULL,'ARQUIVADA',0,3,NULL,2,NULL,NULL,NULL,NULL,NULL),(178,'','Ocorrência  0278, TURMA \"C\", segundo registro alguns fios  de cobre foram furtados de ar condicionados da sala de dança.','2016-05-20','17:34:28','-34.944471597314426, -8.04377898839108',0,NULL,'ARQUIVADA',0,3,NULL,2,NULL,NULL,NULL,NULL,NULL),(179,'','Ocorrência 0289(1), TURMA \"B\", segundo registro a aluna foi furtada no seu armário.','2016-05-26','17:40:57','-34.949793099999965, -8.0507478',0,NULL,'ARQUIVADA',0,3,NULL,2,NULL,NULL,NULL,NULL,NULL),(180,'','Ocorrência 0289(2), TURMA \"B\", segundo registro a aluna teve seu armário arrombado (seus pertences foram furtados 0289(1)).','2016-05-26','17:45:40','-34.9497931, -8.0507478',0,NULL,'ARQUIVADA',0,3,NULL,9,NULL,NULL,NULL,NULL,NULL),(181,'','Ocorrência 0290, TURMA \"C\", segundo registro dois (2) ocupantes de uma carroça puxada por cavalo.','2016-05-26','17:55:31','-34.9497931, -8.0507478',0,NULL,'ARQUIVADA',0,3,NULL,2,NULL,NULL,NULL,NULL,NULL),(182,'','Ocorrência 0310, TURMA \"B\",','2016-06-04','18:01:25','-34.91812157595212, -8.04947302634508',0,NULL,'ARQUIVADA',0,3,NULL,2,NULL,NULL,NULL,NULL,NULL),(183,'','Ocorrência 0310, TURMA \"A\",segundo registro a senhora foi assaltada ao descer do ônibus. Um homem em uma moto subtraiu se celular. Ocorreu na ZLE/ALFA.','2016-06-06','18:08:47','-34.949793099999965, -8.0507478',0,NULL,'ARQUIVADA',0,3,NULL,2,NULL,NULL,NULL,NULL,NULL),(184,'','Ocorrência 0315, TURMA \"B\", segundo registro os estudantes da UFPE,foram assaltados/furtados e tiveram seus perteces subtraídos. Ocorreu na ZLI/GAMA. .','2016-06-08','18:22:22','-34.9497931, -8.0507478',0,NULL,'ARQUIVADA',0,3,NULL,2,NULL,NULL,NULL,NULL,NULL),(185,'','A SRA.MARIA DAS DORES VIRGINIO ALVES NOS INFORMOU QUE TEVE UMA BOLSA PARA BEBE COR ROSA FURTADA NO HC E NO INTERIOR DA MESMA ALÉM DE SEUS DOCOMENTOS ESTAVA A IMPORTANCIA DE $ 20,00 E UM CELULAR DA MARCA ACATEL.INFORMOU AINDA QUE A SUSPEITA É MORENA   TRAJAVA BLUSA PRETA DE ALÇAS E CALÇA AZUL DE JEANS E TINHA UMA CICATRIZ NO PESCOÇO DE QUEIMADURA','2017-06-12','18:35:45','-34.9497931, -8.0507478',0,NULL,'CONCLUIDO',0,23,NULL,2,NULL,NULL,NULL,NULL,NULL),(186,'','Ocorrencia 0327Turma \"C\" - a senhorita compareceu a DGOS para informar que foi assaltada.','2016-06-15','10:06:28','-34.949793099999965, -8.0507478',0,NULL,'ARQUIVADA',0,22,NULL,2,NULL,NULL,NULL,NULL,NULL),(187,'','Ocorrência 0327 \"C\" professora acompanhada por um grupo de alunas compareceu a DGOS para informar que as alunas foram assediada por um aluno do mesmo curso.','2016-06-15','10:55:40','-34.949793099999965, -8.0507478',0,NULL,'ARQUIVADA',0,22,NULL,9,NULL,NULL,NULL,NULL,NULL),(188,'','Segundo registro de ocorrência 0337 \"B\" foi furtado do armário da funcionaria da ADESERVE um ventilador.','2016-06-20','10:59:40','-34.9497931, -8.0507478',0,NULL,'ARQUIVADA',0,22,NULL,2,NULL,NULL,NULL,NULL,NULL),(189,'','Ocorrencia 0356 Turma \"D\" HOUVE UM ASSALTO NO LOCAL.','2016-06-29','11:36:52','-34.949793099999965, -8.0507478',0,NULL,'ARQUIVADA',0,22,NULL,2,NULL,NULL,NULL,NULL,NULL),(190,'','Segundo ocorrencia 0357 as alunas foram assaltadas.','2016-06-30','11:40:12','-34.9497931, -8.0507478',0,NULL,'ARQUIVADA',0,22,NULL,2,NULL,NULL,NULL,NULL,NULL),(191,'','Ocorrencia 0360 turma \"c\"  segundo registro a senhorita comperecer a DGOS para informar que deixou seu veiculo Fiesta placa PCU - 5522 ,no estacionamento e ao retornar encontrou alguns danos .','2016-07-01','11:47:16','-34.9497931, -8.0507478',0,NULL,'ARQUIVADA',0,22,NULL,9,NULL,NULL,NULL,NULL,NULL),(192,'','Ocorrencia 0363 Turma \"C\" - Segundo registro um grupo de adolecente forçou a porta de uma barraca que fica no local e furtou algumas agua mineral e algumas latas de refrigerantes. Qando a equipe da tks chegou ao local o grupo ja havia se retirado.','2016-07-03','11:58:36','-34.9497931, -8.0507478',0,NULL,'ARQUIVADA',0,22,NULL,2,NULL,NULL,NULL,NULL,NULL),(193,'','Ocorrencia  0372 turma A - segundo registro a senhora estacionou seu veiculo Gol , placa KFX 7009, e quando voltou foi avisada que um galho de arvore caiu sobre o seu veiculo causando algumas avaria','2016-07-08','12:06:26','-34.93466544115598, -8.050662815214476',0,NULL,'ARQUIVADA',0,22,NULL,9,NULL,NULL,NULL,NULL,NULL),(194,'','Ocorrencia 0379 turma \"A\" - O professor informou  que seu veiculo CITROEN placa PEI - 1339 , foi atingido por uma pedra por um funcionario da empresa nova engenharia que encontrava-se realizando o serviço de campinação.','2016-07-12','12:13:51','-34.949793099999965, -8.0507478',0,NULL,'ARQUIVADA',0,22,NULL,9,NULL,NULL,NULL,NULL,NULL),(195,'','objetos furtados do interior do veiculo Fiat Uno Vivace placas PFR-0009,atraves de arrombamento da porta dianteira direita.\n\nestetoscópio,carregador de celular.\n\nAs referentes informações foram dadas conforme relatos da vítima','2017-06-13','21:33:46','-34.949793099999965, -8.0507478',0,NULL,'CONCLUIDO',0,65,NULL,5,NULL,NULL,NULL,NULL,NULL),(196,'','A vitima teve sua moto roubada na ZLE e a viu no campus.','2016-01-06','14:19:21','-34.95115297997052, -8.047183735254018',0,NULL,'ARQUIVADA',0,6,NULL,2,NULL,NULL,NULL,NULL,NULL),(197,'','','2016-01-16','15:22:29','-34.95390224421078, -8.051247085254898',0,NULL,'ARQUIVADA',0,3,NULL,9,NULL,NULL,NULL,NULL,NULL),(198,'','Dano ao patrimônio. O vidro da porta de entrada estava quebrado.','2016-02-10','15:46:59','-34.955641656756946, -8.056571871093457',0,NULL,'ARQUIVADA',0,3,NULL,9,NULL,NULL,NULL,NULL,NULL),(199,'','','2016-02-13','15:52:13','-34.950828432679714, -8.046833169815137',0,NULL,'ARQUIVADA',0,3,NULL,9,NULL,NULL,NULL,NULL,NULL),(200,'','','2016-02-14','15:56:53','-34.87475562059933, -8.04964830796048',0,NULL,'ARQUIVADA',0,3,NULL,2,NULL,NULL,NULL,NULL,NULL),(201,'','dano ao patrimônio (veículo)','2016-02-17','16:09:04','-34.95395588839108, -8.056425805583174',0,NULL,'ARQUIVADA',0,3,NULL,9,NULL,NULL,NULL,NULL,NULL),(202,'','UM MELIANTE MORENO EM UMA BICICLETA TRAJANDO CAMISA LISTRADA AZUL/ROXO BAIXO E FORTE.TOMOU A FORÇA O CELULAR SANSNG PRETO S/5 ENTRARAN EM LUTA CORPORAL E O ELEMENTO EVADIU-SE PEGANDO UM TRANSPORTE  COLETIVO DEIXANDO PARA TRAZ UMA BICICLETA QUE FOI TRAZIDA PARA CENTRAL E A VITIMA CONDUZIMOS PARA DELEGACIA ONDE FICOU PRESTANDO QUEIXA COM SUA GENITORA.','2017-06-14','17:48:20','-34.949793099999965, -8.0507478',0,NULL,'CONCLUIDO',0,23,NULL,2,NULL,NULL,NULL,NULL,NULL),(203,'','Dano ao patrimônio privado (veículo com vidro quebrado, Ford Ka PCT 5972)','2016-03-18','11:24:05','-34.95198273640898, -8.056513131408318',0,NULL,'ARQUIVADA',0,3,NULL,9,NULL,NULL,NULL,NULL,NULL),(204,'','Prestação de Socorro.','2016-03-23','11:38:19','-34.947809219181806, -8.055408343534642',0,NULL,'ARQUIVADA',0,3,NULL,9,NULL,NULL,NULL,NULL,NULL),(205,'','agressão','2016-04-02','10:29:07','-34.953548192620815, -8.050051986543899',0,NULL,'ARQUIVADA',0,3,NULL,9,NULL,NULL,NULL,NULL,NULL),(206,'','colisão. Gol KJN 6847 e Fiat Vivace OYR 0767','2016-04-06','11:59:32','-34.949047445893825, -8.051512662267392',0,NULL,'ARQUIVADA',0,3,NULL,9,NULL,NULL,NULL,NULL,NULL),(207,'','Furto e detenção de maior','2016-04-15','12:37:27','-34.95265769922787, -8.050827473220249',0,NULL,'ARQUIVADA',0,3,NULL,2,NULL,NULL,NULL,NULL,NULL),(208,'','Foi levanda uma bolsa do predio do CCS.','2017-07-10','13:31:04','-34.863576173425265, -8.049058562970556',0,NULL,'MIGRADO',0,22,NULL,9,NULL,NULL,NULL,NULL,NULL),(209,'','aluna procura GTO para informar que dois homens em uma bicicleta tomam o celular dela.','2017-07-06','14:54:18','-34.95367693865354, -8.055294460027529',0,NULL,'MIGRADO',0,3,NULL,2,NULL,NULL,NULL,NULL,NULL),(210,'','as vitimas não deram informações.','2017-07-09','15:01:56','-34.949793099999965, -8.0507478',0,NULL,'NOVO',0,3,NULL,2,NULL,NULL,NULL,NULL,NULL),(211,'','TENTATIVA DE ARROMBAMENTO DA GRADE DE PROTEÇÃO DA JANELA PROXIMA A PORTA DA SALA DE AULA (01)','2017-07-18','17:59:58','-34.949793099999965, -8.0507478',0,NULL,'CONCLUIDO',0,23,NULL,9,NULL,NULL,NULL,NULL,NULL),(212,'','Nos forão informados pelo Departamento de Odontologia Preventiva, pela porteira Fernanda e a professora Cintia Regina, sub-chefe de odontologia preventiva  que as 10 horas da manhã, de hoje 26 de julho de 2017, o serviço de capinação da empresa Nova Engenharia ao fazer o serviço não observaram o uso  da tela de proteção, e veio a ocasionar e quebrar 02 vidros e deixando alguns estilhaços no balcão, onde fomos conferir e registrar o fato.','2017-07-26','14:48:18','-34.949793099999965, -8.0507478',0,NULL,'NOVO',0,68,NULL,9,NULL,NULL,NULL,NULL,NULL),(213,'','TENTATIVA DE ARROMBAMENTO DA PORTA DIANTEIRA DO CARONA DO VEICULO GOL KMB 8739-OLINDA PE DE PROPRIEDADE DO FUNCIONÁRIO DA ADUFEPE SR;WILTON JOSÉ TELES PONTES,FONE;987206955.OS SUSPEITOS ESTAVAM UTILIZANDO O VEICULO CLASSIC,GRAFITE,PCA3380-RECIFE PE.AO PERCEBERM A PRESENÇA DOS VIGILANTES EVADIRAM -SE DO LOCAL.','2017-08-09','14:32:08','-34.949793099999965, -8.0507478',0,NULL,'CONCLUIDO',0,23,NULL,5,NULL,NULL,NULL,NULL,NULL),(214,'','COMPARECEMOS AO ESTACIONAMENTO DO H.C E FOMOS INFORMADOS PELO SR: LUIZ CARLOS MATIAS DE ARAÚJO FILHO,FUNCIONÁRIO DA EMPRESA ¨PERNAMBUCO CONSERVADORA LTDA¨NA FUNÇÃO DE RECEPCIONISTA DO H.C QUE ELE TERIA AS 07:HS ESTACIONADO SUA MOTO FAN 150cc,PGO-8996-SÃO LOURENÇO DA MATA,COR VM,PROXIMO A PORTARIA IV,POR TRAS DE UM CONTEINER E AS 12HS AO RETORNAR NÃO MAIS ENCONTROU A MOTO.ORIENTAMOS QUE O MESMO FIZESSE REGISTRO NA DELEGACIA DE FURTO DE VEICULOS.','2017-08-09','14:55:42','-34.949793099999965, -8.0507478',0,NULL,'CONCLUIDO',0,23,NULL,2,NULL,NULL,NULL,NULL,NULL),(215,'','AS 17:00 ESTEVE NA CENTRAL PREENCHEU UM R.O INFORMANDO TER SIDO ABORDADA POR UM ELEMENTO QUE FINGIU ESTÁ ARMADO E LHE SUBTRAIU UM CELULAR QUE NÃO FUNCIONAVA,  A MESMA JÁ O  PORTAVA PREVENDO TAL SITUAÇÃO.','2017-08-23','17:33:24','-34.949793099999965, -8.0507478',0,NULL,'NOVO',0,23,NULL,2,NULL,NULL,NULL,NULL,NULL),(216,'','COLOCOU A BICICLETA,MARCA CALOY NO BICICLETÁRIO PRESA A CORRENTE E CADEADO/SEGREDO E AO VOLTAR AS 11;50 NÃO MAIS A ENCONTROU(ROUBADA)','2017-08-25','17:31:04','-34.949793099999965, -8.0507478',0,NULL,'CONCLUIDO',0,23,NULL,2,NULL,NULL,NULL,NULL,NULL),(217,'','SUPOSTO ARROMBAMENTO DA JANELA NÃO DERAM POR FALTA DE QUALQUER OBJETO,A JANELA TEM COMO PROTEÇÃO UM TAPUME ONDE DEVERIA TER UM AR CONDICIONADO E A GRADE DE FERRO FOI IMPROVISADA DEIXANDO A SALA MAIS VULNERÁVEL.FOI PERCEBIDO POR VOLTA DAS 08HS. COM A CHEGADA DA FUNCIONÁRIA DA LISERVE.','2017-09-06','15:38:49','-34.949793099999965, -8.0507478',0,NULL,'NOVO',0,23,NULL,9,NULL,NULL,NULL,NULL,NULL),(218,'','FOMOS AO CIS PARA REGISTRAR E DÁ SEQUENCIA A UMA OCORRÊNCIA DE ROUBO DE UMA MOTOCICLETA ITALIKA 110cc/2013 DE PROPRIEDADE DO SR: GILMAR ILÁRIO DA SILVA.CPF 053.257.274-27 QUE ESTAVA DE POSSE DA SRTA; WILMA FIGUEREDO AGRA CPF 073.029.284-36,FONE;998483270.QUE INFORMOU TER ESTACIONADO A MOTOCICLETA PRÓXIMO A PORTARIA DE TRÁS AS 15;45 E AS 17;00 AO RETORNAR NÃO MAIS A ENCONTROU.CONDUZIMOS A VITIMA A DELEGACIA DA VÁRZEA','2017-09-06','18:34:01','-34.949793099999965, -8.0507478',0,NULL,'NOVO',0,23,NULL,9,NULL,NULL,NULL,NULL,NULL),(219,'','A AUX.DE ENFERMAGEM SRA:PRISCILLA VIEGAS COLOCOU SEU CELULAR(CHIP 9.7303-1212) UM MOTOROLA G5(DOURADO) PARA RECEBER CARGA NO BIRÔ DA PORTARIA DO SETOR CLINICA MÉDICA E FOI A SUA SALA E AO RETORNAR O MESMO TINHA SIDO FURTADO.','2017-09-08','12:27:51','-34.949793099999965, -8.0507478',0,NULL,'NOVO',0,23,NULL,2,NULL,NULL,NULL,NULL,NULL),(220,'','CONTINUAMOS AS RONDAS E CONSTATAMOS QUE NA CEU-FEMININA,NO CIS(ANTIGO CT SUDENE)O PLANTÃO TRANSCORRIA NORMAL E NO N.A.E SEGUNDO O VIG. TKS SR:EDVALDO O PLANTÃO ESTAVA NORMAL COM APROXIMADAMENTE 25 HOSPEDES.','2017-09-08','12:45:24','-34.949793099999965, -8.0507478',0,NULL,'NOVO',0,23,NULL,9,NULL,NULL,NULL,NULL,NULL),(221,'','Informo a essa chefia que o serviço transcorreu normalmente. O serviço \n\nde ronda ostenciva não detectou nenhuma anormalidade durante o plantão.\n\n     A frequência foi realizada apenas no campus UFPE pelos os GTÓ\'s João\n\n Luiz e David Vicente, os mesmo detectaram que o deptº  do CCEN, encon-\n\ntrava-se sem vigilante as 20:34.A inspetoria cumunica  que o vigilante do\n\n Deptºr. Josias Bandeira, compareceu a DGOS as 22:30 e foi informado que\n\n o prédio estava sem vigilante. O mesmo se dirigio para o local de trabalho.\n\nO serviço de ronda detectou um veículo com sitomas de abondono em frente \n\ndo R.U., veículo Mercedez Class A,placa JFJ-6072 / Boa Vista-RR. O mesmo\n\n encotra-se com o pneu dianteiro lado pasageiro completamente baixo. Foi \n\npuchado no sistema do Detran e nada consta. Obs.: Esta ocorrência foi digitada \n\nas 19:25 do dia 08/09/2017, por que durante o período diurno a inspetoria estava\n\n com problema de senha no SIGOS.','2017-09-07','19:35:02','-34.949793099999965, -8.0507478',0,NULL,'NOVO',0,64,NULL,9,NULL,NULL,NULL,NULL,NULL),(222,'','TENTATIVA DE ASSALTO, A VITIMA FOI ABORDADA POR UM MELIANTE QUE ASSUSTOU-SE COM GRITOS DA VITIMA E EVADIU-SE PELO BURACO DO GRADIL NO ESTACIONAMENTO DO CAC NÃO CONCRETIZANDO A AÇÃO.','2017-09-12','17:58:58','-34.949793099999965, -8.0507478',0,NULL,'NOVO',0,23,NULL,2,NULL,NULL,NULL,NULL,NULL),(223,'','','2017-09-15','14:54:03','-34.949793099999965, -8.0507478',0,NULL,'NOVO',0,50,NULL,9,NULL,NULL,NULL,NULL,NULL),(224,'','Informo que aproximadamente ás 07:20 o gto foi acionado ,que ao lado do ccsa houve uma colisão entre o fox klp 0257 da proprietária Maria Iraneide Cavalcante  Alexandre Rg 2178278 ssp pe, e a sr. Ana Lúcia Garcia da Silva Santos rg 0623337649 mex pe, por tanto foi acionado a cctu via baixa frequência que registrou o protocolo 201724059, porém até o presente momento não chegou nenhuma viatura , as duas senhoras que foram citadas entraram em acordo, nessa ocorrência foram Arlindo e Valdemir','2017-09-15','15:09:50','-34.949793099999965, -8.0507478',0,NULL,'NOVO',0,50,NULL,9,NULL,NULL,NULL,NULL,NULL),(225,'','ESTACIONOU SUA BICICLETA AS 08:00 NO BICICLETÁRIO DO CFCH PRENDEU COM CORRENTE E CADEADO( NÃO INFORMOU MARCA)COR PRETA,GUIDON ALTO COM DETALHES AZUIS,S/BAGAGEIRO,CESTINHA E PARA LAMAS,AS 14:20 AO RETORNAR A BICICLETA TINHA SIDO FURTADA A VITIMA INFORMA QUE ESSA É A SEGUNDA BICICLETA DE SUA PROPRIEDADE FURTADA NO MESMO LOCAL.','2017-09-18','14:21:27','-34.949793099999965, -8.0507478',0,NULL,'NOVO',0,23,NULL,2,NULL,NULL,NULL,NULL,NULL),(226,'','informo que aproximadamente às 11:20 hs a sra. Diana Pereira Sobral Siape 1134424 setor esterização, a mesma notou a falta de uma cpu no dia 13 de agosto de 2017 por tanto esse material estava em cima de uma estante, porém quando o tecnico foi consertar o aoarelho ,não o encontrou , no entanto a funcionária cominicou esse fato ao diretor de Buco Facial, e ele pediu para solicitar ao o gto para registrar, nessa ocorrência foram Honório e Paulo Pinto','2017-09-19','13:51:13','-34.947561502099575, -8.053467303721778',0,NULL,'CONCLUIDO',0,50,NULL,2,NULL,NULL,NULL,NULL,NULL),(227,'','Informo que o gto foi acionado aproximadamente às 14:25 , um suposto suspeito Jailson Dias de \\\\\\barros Rg. 3943898 sds  adentrou na biblioteca do ccs, e tentou furtar a mochila do aluno Paulo de Almeida POrtela Rg.8451999 sds décimo periodo em letras ,bolsista do setor e da coordenadora Adelaide Maria de Lima siape 1132222, ela alegou que ele teria mexido em sua bolsa, e não à levou porque foi flagado ,no entanto o tks o deteo e Arlindo chegando ao local fez uma baixa frequência para o 190 registrando o ocorrido ,protocolo M9344234, logo em seguida chegou uma viatura da polícia placa PDP 2236, Número 500179 Gate, soldado Eufraziano ,os mesmos puxaram a ficha do meliante e constatou que ele está em condicional, e alguns minutos conduziram para delegacia de flagantes . A viatura 05 com os agentes Cordeiro e Edivaldo França foram conduzindo as vítimas .','2017-09-19','16:33:38','-34.949793099999965, -8.0507478',0,NULL,'NOVO',0,50,NULL,2,NULL,NULL,NULL,NULL,NULL),(228,'','bicicleta','2017-09-19','17:45:03','-34.9497931, -8.0507478',0,NULL,'NOVO',0,50,NULL,2,NULL,NULL,NULL,NULL,NULL),(229,'','A inspetoria turma \"B\" comunica que o serviço foi transcorreu normalmente,\n\napenas serviço de rotina: A frequência foi realizada interna e externamente.\n\nA inspetoria acionou a \"VT\" do 12º BPM-PE, as 20:30 e a operação teve início\n\nas 21h, não houve nenhuma anormalidade durante a operação, apenas uma \n\nabordagem a um veículo que estava estacionado no CCEN, dentro encontrava-se\n\num casa em atitude suspeita (namorando).Veículo Peogeot praca OEW-9309-PE\n\ncor prata, foi feita uma vistoria e os mesmos foram liberados já que não encontramos\n\nnada irregular com o veículo. essa operação encerrou-se as 22:30.\n\nA inspetoria informa que a VT 16 ( placa PGL 1269) que é de responsabilidade da Direção,\n\nencontra-se com o retrovisor lado direito (passageiro) danificado.\n\nServiço sem alteração. Platão iniciou-se as 18h do dia 19 e encerrou-se as 06h do dia 20/09/2017.','2017-09-19','06:54:08','-34.949793099999965, -8.0507478',0,NULL,'NOVO',0,64,NULL,9,NULL,NULL,NULL,NULL,NULL),(230,'','AS OITO HORAS DO DIA 20/09/2017(QUARTA FEIRA) O VIG TKS (G 2) NOS INFORMOU VIA HT QUE ALERTOU UM PROFESSOR QUE ESTAVA COM UM GRUPO DE IDOSOS NA QUADRA DE BASQUETE BOOL DO NEFD SOBRE O RISCO DE CAIR ALGUM REFLETOR E CAUSAR ACIDENTES DEVIDO A FALTA DE MANUTENÇÃO E QUE NA SEGUNDA FEIRA PASSADA (18/09/2017)TERIA CAIDO UM  O OCORRIDO FOI INFORMADO AO DIRETOR DO NEFD SR:JORGE.','2017-09-20','07:20:57','-34.949793099999965, -8.0507478',0,NULL,'NOVO',0,23,NULL,9,NULL,NULL,NULL,NULL,NULL),(231,'','O G.T.O REALIZOU PONTO BASE NA REITORIA DAS 09:00 ÁS 12:00 EM VIRTUDE DA REALIZAÇÃO DE EVENTO NO AUDITORIO E DAS 06:20 ÁS 17:45 NO C.F.C.H E C.E DEVIDO REALIZAÇÃO DE EVENTO NO ESTACIONAMENTO.','2017-09-20','07:26:54','-34.9497931, -8.0507478',0,NULL,'NOVO',0,23,NULL,9,NULL,NULL,NULL,NULL,NULL),(232,'','FOMOS ACIONADOS PARA REGISTRAR E DÁ ANDAMENTO EM UMA OCORRÊNCIA DE FURTO DE UM CELULAR,SANSUNG OCORRIDO NO 11º ANDAR NO QUARTO 1102.ONDE A VITIMA SRA: VALÉRIA AVELINO FERREIRA,ACUSA O SR:ISRAEL RAMOS PEREIRA TÉC. ENFERMAGEM(FUNCIONÁRIO DA EBSERH)DE SER AUTOR DO FURTO. O ACUSADO NEGA A AUTORIA E NOS AUTORIZOU REALIZAR REVISTA EM SUA MALA E LOCAL DE TRABALHO ONDE NADA FOI ENCONTRADO.','2017-09-22','11:54:44','-34.949793099999965, -8.0507478',0,NULL,'CONCLUIDO',0,23,NULL,2,NULL,NULL,NULL,NULL,NULL),(233,'','A inspetoria turma \"B\" informa que o plantão transcorreu normalmente. As 19:10 o inspetor e o GTO, Marcelo José se deslocaram\n\nna vt 06 para fazer a frequência externa e retornou as 20:40. Dando continuidade a frequência interna os GTO\'S João Luis\n\ne Edna catanho. As 00:50 o TKS do NIATE CTG o Sr. Diego  Mat. 2408, nos solicitou comunicando que no Museu de Arqueologia\n\nestava com a luz acesa. No local constatamos que agrade e a porta de entrada estava, apenas encostada. Foi observado pela\n\ninspetoria que o local está sendo usado por usuário de entorpecente e casas que mantem relações sexuais. Espero quem de direito providenciar\n\num cadeado para sanar o problema. O serviço de foi realizada em toda extensão do campus e não detectamos nenhuma anormalidade até o\n\nfinal do plantão que iniciou-se as 18: do dia 23/09 e encerrou-se as 06: do dia 24/09/2017.','2017-09-24','06:40:59','-34.949793099999965, -8.0507478',0,NULL,'NOVO',0,64,NULL,9,NULL,NULL,NULL,NULL,NULL),(234,'','Informo que aproximadamente às 17:40 hs o tks que trabalha nas proximidades do cap acionou o gto sobre um possível assalto entre a aluna Adryelle Priscila Souza Lustosão Rg. 9814933 e seu namorado que seu nome não foi cedido, por tanto a aluna alega que estava  sentada em um banco no laguinho quando um meliante aproximou-se e pediu seus pertences , e que o mesmo simulou que estava armado , e logo depois evadiu-se do local, nessa ocorrência foram Cordeiro e Lucilene.','2017-09-25','11:58:02','-34.949793099999965, -8.0507478',0,NULL,'NOVO',0,50,NULL,2,NULL,NULL,NULL,NULL,NULL),(235,'','Informo a essa chefia que o serviço  transcorreu normalmente e comunico\n\no que foi realizado no plantão. Acionamos a VT 12º BPM as 21h para a operação\n\ncampus seguro, que teve início nesse mesmo horário. A operação fez uma vistoria no \n\nCENTRO DE ARTES E COMUNICAÇÃO, foram retirados vários transeuntes que \n\nestavam fazendo uso de entorpecente na entrada do centro.\n\nA frequência foi realizada internamente.\n\nObs.: A vistoria no Centro de Artes, tem filmagem da operação.','2017-09-27','06:08:01','-34.949793099999965, -8.0507478',0,NULL,'MIGRADO',0,64,NULL,9,NULL,NULL,NULL,NULL,NULL),(236,'','teswetet','2017-08-29','14:19:15','-34.949793099999965, -8.0507478',0,NULL,'MIGRADO',0,10,NULL,9,NULL,NULL,NULL,NULL,NULL),(237,'','kghug7ugy8u','2017-09-04','14:37:29','-34.949793099999965, -8.0507478',0,NULL,'MIGRADO',0,9,NULL,4,NULL,NULL,NULL,NULL,NULL),(238,'','Informo que a funcionária Erica Cordeiro de Albuquerque dos Santos Silva de Lima Rg. 6048885 segundo ela todos os os dias deixa seu carro placa PCR 1613 no estacionamento da reitoria e ao se dirigir ao seu veículo apos o expidiente ,encontrou a lateral esquerda colidida ,com amassados e arronhões , a mesma alega que ninguém se identificou como autor do sinistro , e no mesmo tempo ela cobrou por não ter nenhuma filmagem para identificar o danos, por tanto os agentes Jaconias e Lucilene participaram dessa ocorrência.','2017-09-29','16:15:33','-34.949793099999965, -8.0507478',0,NULL,'NOVO',0,50,NULL,9,NULL,NULL,NULL,NULL,NULL),(239,'','Comunico a essa chefia que o serviço de ronda foi realizado em toda extenção\n\ndo campus. Foi detectado no final da pista de cooper um incêndio no entulho e\n\nfolhas que ficam  acumulados por muito tempo, mas não oferece risco a nenhuma\n\nedificação, por isso não foi preciso acionar o Corpo de Bombeiro. \n\nA frequência foi realizada, apenas no campus UFPE.\n\nA inspetoria informa que o TKS Cleito (Lima), entregou uma porta cédula que foi\n\nencontrada na pista de cooper e entregue ao o mesmo por um transeunte que não\n\nse identificou. Documentos: Uma carteira do Ministério da Defesa,\n\nNome:Myckael Wanbastter de Melo Curcio Nº 210763219545, validade: 31/01/2019,\n\nRG: 8.399.623, CPF:092.652.314-75, Carteira de Estudante, Vem Comum,Cartão do SUS\n\ne um cartão CATTAN. Serviço sem alteração.','2017-10-01','08:16:53','-34.949793099999965, -8.0507478',0,NULL,'NOVO',0,64,NULL,9,NULL,NULL,NULL,NULL,NULL),(240,'','Aproximadamente ás 12:25 ao realizar rondas no campus Arlindo e Valdemir na viatura 05,ao passarmos em frente ao ccsa , um casal acionou e segundo a aluna Thauma Igledy Soares de Oliveira e seu namorado, foram abordados por um meliante com camisa azul e calça preta em uma bicicleta ,o mesmo alegou que estava armado e levou um relógio prateado e uma nota de R$ 10,00 e ao mesmo tempo se evadindo do local ,por tanto foi acionado a tks foi feito um pente fino e nada foi encontrado .','2017-10-03','15:03:31','-34.949793099999965, -8.0507478',0,NULL,'NOVO',0,50,NULL,2,NULL,NULL,NULL,NULL,NULL),(241,'','Informo que o Sr. José Luiz de Oliveira Magalhães Rg. 1300053 proprietário de um versa prata , placa PFW 0557 , o mesmo veio a central de segurança que estava no estacionamento da biblioteca do ccs, e um veículo treemont da ford placa OYN 3000 colidiu no seu carro amassando a lateral direita próximo ao porta malas e ele evadiu do local .','2017-09-27','15:27:29','-34.9497931, -8.0507478',0,NULL,'MIGRADO',0,64,NULL,9,NULL,NULL,NULL,NULL,NULL),(242,'','Por volta das 19h: a Sra. Janarys Vasconcelos Duarte, CPF.: 069292454-02\n\nResidente a Rua Leal de Barros,415 Iputinga. A mesma informa que ao estacionar seu\n\nveículo Placa NIS-5343 modelo Fox, cor preta na Av. dos Reitores foi abordada por dois\n\nelementos que desceu de um veículo modelo Ford Ka de cor preta placa não identificada,\n\nos dois estavam portando uma pistola e um revólver lhe tomou seu veículo de assalto.\n\nSeguiram destino a BR 101. A TKS (Lima) pediu apoio a (D.G.O.S.) e a GIP. O GTO foi de encontro a vitima, já que\n\na mesma estava sem nenhuma identificação.  Gerson Herculano, fez um deslocamento\n\ncom a vitima até sua residência e depois conduziu-a até a DEPATRI (Delegacia de Crimes Contra \n\no Patrimônio). Foi lavrado o protoco (B.O.) Nº 20817/2017. \n\nAproximadamente as 19h30 a TKS nos comunicou que no Catela D\'água havia cinco (5) elementos\n\nconsumindo entorpecente. No local, o inspetor turma \"B\" identificou Robson Batista dos Santos Filho,\n\nRG.: 9.838.216; José Carlos de Melo Teixeira, RG.: 9120263 SDS, CPF.: 705.644.624-89;\n\nSalatiel Tavares de Andrade Silva, RG.: 9160746 SDS; Paulo Henrique Pereira de Oliveira ( sem\n\nidentificação) e João Eduardo santos (sem identificação) Os mesmo foram convidados a se retirarem do\n\nCampus.','2017-10-03','23:41:57','-34.949793099999965, -8.0507478',0,NULL,'CONCLUIDO',1,64,NULL,2,NULL,NULL,NULL,NULL,NULL),(243,'','MOTO HONDA 300CC ,COR VERMELHA PLACA PEP 2716 CAMARAGIBE,FOI ESTACIONADA AS 06;40 E AS 17;00 AO RETORNAR PARA APANHAR A MESMA O SR;RAFAEL EDSON PEDROSA FERREIRA NÃO A ENCONTROU NO LOCAL DEIXADO.O PROPRIETÁRIO É FUNCIONÁRIO DA EMPRESA TERCEIRIZADA VIA SERV NA MANUTENÇÃO DO H.C.','2017-10-04','17:56:28','-34.949793099999965, -8.0507478',0,NULL,'CONCLUIDO',0,23,NULL,2,NULL,NULL,NULL,NULL,NULL),(244,'','AS 06;40 FOI ESTACIONADA PELO PROPRIETARIO A MOTO HONDA VERMELHA 300CC PLACA PEP 2716 CAMARAGIBE E AS 17;00 AO RETORNAR PARA APANHAR A MOTO NÃO MAIS ESTAVA NO LOCAL.','2017-10-04','18:09:09','-34.949793099999965, -8.0507478',0,NULL,'NOVO',0,23,NULL,2,NULL,NULL,NULL,NULL,NULL),(245,'','Informo que ás 16:35 hs o tks que trabalha no HC solicitou via ht o gto sobre um motoqueiro que trosse um garupa e jogou em frente a portaria quatro, o maqueiro do hospital das clínicas o levou para sala de estabelização, porém os médicos de plantão fizeram os primeiros socorros , por tanto o inspetor geral ao chegar ao setor ligou para a cids e registrou a ocorrência 9373453 o atendente Emanoel .Logo em seguida chegou uma viatura da polícia placa PCP 3025 número de ordem 500199 com o capitão  Santos ,e o possível meliante informou seu nome Heltom Rosendo de Matos aproximadamente 20 anos, o mesmo ficou em custódia da pulícia até ser transferido para outro hospital nessa ocorrência foram Honório Josebete Edvaldo Fraça , Gilberto, Jaconias , Arlindo e o efetivo da tks .','2017-10-05','17:23:31','-34.949793099999965, -8.0507478',0,NULL,'NOVO',0,50,NULL,9,NULL,NULL,NULL,NULL,NULL),(246,'','A inspetoria informa  que a frequência foi realizada, apenas no campus interno da UFPE. Foi acionada a VT 12º BPM AS 20:40\n\npara ZLE campus seguro, que teve início as 21h. Essa vt não foi observada na ZLE. A operação campus seguro ao fazer uma\n\nvistoria dentro do CAC (Centro de Artes e Comunicação), constatamos varias pessoas, inclusive alunos da casa que não quis se identificar, \n\nestavam jogando dominó e consumindo entorpecente. Cinco desses grupos foram identificado pela inspetoria que não fazia parte do corpo de\n\ndocente da UFPE. João Leno Melo da Silva, RG.: 7.689.910-SDS; Hugo Leonardo de Lemos Pontes, RG.:8.999.951 SDS; Carlos Renatos Melo\n\ndos Santos Junior, RG.:10.088.522-SDS e Allan Richard Santiago da Silva, RG.:93631.02-SDS. Os mesmos foram convidado a se retirarem\n\ndo campus. Teve vários alunos que atrapalharam nossa operação, inclusive um deles subiu no teto da Viatura Placa PGL-2298 (vt 17), a mesma estava \n\nparticipando da operação campus seguro. O individuo foi convidado a descer da VT e foi abordado pelos GTO\'S e  a equipe da TKS.\n\nO TKS o Sr. Wellington Cavalcante, Mat. 000333, foi agredido com uma mordida na mão e um soco na boca. O individuo foi identificado como\n\naluno: O Sr. Adilson Pereira dos Santos Junior, RG.:2494971/MTPS/BA; CPF.:038.377.525-69, nascimento em, 18/09/1989, curso: Educação Física\n\n(UFPE). Acionamos 0 12º BPM as 22:10, sob o Protocolo Nº 9373895. O aluno foi conduzido até a DGOS e foi entregue as 21:30 a guarnição do 12º BPM,\n\nsob o comando do SD. Torres, Mat. 107525-0 na VT 4059. O mesmo foi conduzido para Delegacia de Plantão (Santo Amaro) que chegou ao local\n\nas 23:05. Foi lavrado um TCO. O aluno ia ser liberado, mas se recusou a assinar o TCO. Poe esse motivo foi recolhido ao xadrez.\n\nO TKS foi deslocado para fazer corpo de delito no IML. Esta ocorrência encerrou-se as 02:30. Segue cópia do TCO em anexo.\n\nA inspetoria terminou essa digitação as 10h: do dia 06/10/2017.','2017-10-05','10:09:14','-34.949793099999965, -8.0507478',0,NULL,'NOVO',0,64,NULL,9,NULL,NULL,NULL,NULL,NULL),(247,'','DEIXOU AS 14;00 SUA BICICLETA NO BICICLETÁRIO  DO C.B PRESA EM UM CADEADO DE CODIGO E AS 16;20 AO RETORNAR PARA APANHAR A MESMA TINHA SIDO FURTADA.','2017-10-06','17:51:10','-34.949793099999965, -8.0507478',0,NULL,'NOVO',0,23,NULL,2,NULL,NULL,NULL,NULL,NULL),(248,'','As 19: iniciou-se a frequência interna. A inspetoria constatou que os quadrantes estão funcionando normalmente em seus repectivos\n\nponto básicos. Foi acionada a viatura do 12º BPM as 20:30 para a operação campus seguro, que teve início as 21h. Nesta operação foram\n\nabordado na ciclo faixa quatro (4) transeuntes que haviam acabado de sair das dependência do Centro de Artes e Comunicação.\n\nSão as mesmas pessoas que não tem vínculo nenhum com UFPE e estão ocupando espaço para consumir entorpecente.\n\nÉ preciso que a inspetoria geral tome providência a respeito dessa situação.\n\n    Os vigilantes da Casa Mista, o Sr. Djenal Severino, Mat.-2055 e Michele Meira, Mat.-1540. Os mesmo informam que a Direção da\n\n casa e outros estudantes, estão hospedando pessoas que não faz parte do corpo discente da UFPE. Espero que a PROAS esteja \n\nciente dessa situação e dê o parecer se é favorável ou não, por escrito. Serviço sem anormalidade.','2017-10-09','07:45:33','-34.949793099999965, -8.0507478',0,NULL,'NOVO',0,64,NULL,9,NULL,NULL,NULL,NULL,NULL),(249,'','A inspetoria turma \"B\" comunica que o GTO realizou todas as suas atividades operacional com o apoio da TKS\n\ne a GIP, foi constatado as seguintes alterações: No Centro de Artes e Comunicação (CAC) estava acontecendo uma \n\ncalourada não autorizada. Por volta das 23:20 o segurança do CAC o Sr. Wanderley, pediu para que o GTO tirasse as\n\npessoas que estavam bebendo, vendendo e consumindo entorpercente, já que a calourada era para ter sido encerrada\n\nas 21h. Informamos que os mesmos estavam autorizado pela Diretoria do CAC. A DGOS não nos passou essa informação.\n\nMesmo assim a TKS foi até o local e pediu para que todos os ambulantes se retirasse, eles informaram que já estavam de\n\nsaída e só faltavam arrumar os materiais. \n\n     A inspetoria comunica que na presença do inspetor (Jorge Carlos) e do GTO (João Lopes), o vigilante de Buco Facial,\n\nSr. Aluízio Bezerra da Silva, se recuou-se a assinar (tomar ciência) do MEMO Nº 159/2017 DGP e o OFICIO Nº 4229/2017 \n\nIPL 0563/2017-4 SR/PF/PE. \n\n      A frequência foi realizada, apenas no campus UFPE, sem alteração.\n\nObs.: Essas calouradas só vão deixar de existir na UFPE, quando acontecer algum óbito. Porque desses eventos é observado\n\npela segurança institucional, um alto consumo de bebida alcoólica e tráfico e uso de entorpecente, inclusive por pessoas sem\n\nvínculo com a instituição. A inspetoria está alertando os GESTORES DA UFPE.','2017-10-11','10:27:21','-34.949793099999965, -8.0507478',0,NULL,'NOVO',0,64,NULL,9,NULL,NULL,NULL,NULL,NULL),(250,'','Iformo que aproximadamente às 13:00 hs o gto foi acionado via ht pelo tks Alvaro Carneiro , matricula 0326, sobre um furto no DEQ Lansa .  Ao chegarmos no local fomos recebido pelo Sr.Cheques Cavassano Galvão, Siape  1801523, o mesmo relatou o furto de 4 tubos de cobre de ar condicionado, dos laboratorios de eletro química, analítica ,o mesmo percebeu o fato na segunda feira , dia 16 -10- 2017 ,nessa ocorrência foram Honório e Josabeth ,  Em tempo e mais dois canos foram serrados e não chegaram a levar.','2017-10-17','16:19:58','-34.949793099999965, -8.0507478',0,NULL,'CONCLUIDO',0,50,NULL,2,NULL,NULL,NULL,NULL,NULL),(251,'','Informo que aproximadamente às 13:00 hs 0 gto foi acionado via ht ao CCS, chegando ao local com a viatura 17 os agentes Ubiratan e Moab n onde duas senhoras tinham acabado de entrar em luta corporal, a senhora Daniele Denise da Silva Rg. 7641290 SDS PE. a mesma acompanhada do seu bebê de colo, veio ao local de trabalho do seu ex marido , funcionário da CBL senhor José Carlos Belarminio da Silva ( eletricista ), veio tomar satisfações com o mesmo. Foi orientada a outra senhora que não quis se identificar a retirar-se do local e conduziram a senhora Daniele e o seu bebê a sua residência  Rua Revolução sem número , Torrões.','2017-10-17','14:54:47','-34.949793099999965, -8.0507478',0,NULL,'NOVO',0,50,NULL,9,NULL,NULL,NULL,NULL,NULL),(252,'','Por volta das 19:40, o vigilante do HC o Sr. Ricardo Sena, Siape 1131992, ele ligou para minha baixa\n\ninformando que um funcionário de nome Artur, que trabalha no 4º andar setor Banco de sangue. O mesmo\n\nfoi vitima de um sequestro relampado aproximadamente as 19h. No local a Sra. Clécia Carvalho, chefe da vitima. A mesma informa\n\nque ele ligou para ela comunicando que havia sofrido um sequestro relampado no estacionamento do HC,\n\npróximo as barraca. Segundo ele eram dois rapazes vestidos de roupas de firma, armados que lhe obrigou\n\na entrar no carro, seguindo destino BR 101 Sul, onde nas proximidade do Barro mandaram ele descer levando \n\nseu veículo e todos os documentos e celular. Ele informa também  que iria prestar queixa na Delegacia.\n\n     Por volta das 21:20, o TKS do RU, o Sr. Walter Cleber, Mat.2465, nos comunica via HT que foi furtado do \n\nCentro de Artes e Comunicação, um bicicleta de uma aluna. No local o TKS comunica que a vitima não quis\n\nesperar o GTO para comunicar o ocorrido e nem quis se identificar.','2017-10-19','23:24:05','-34.949793099999965, -8.0507478',0,NULL,'NOVO',0,64,NULL,4,NULL,NULL,NULL,NULL,NULL),(253,'','A VITIMA SRA.IARCULINA FUNCIONÁRIA DA NOVA ENGENHARIA, VEM SOFRENDO AMEAÇAS DO SUSPEITO SR;IVAIR,REALIZAMOS RONDAS COM A VITIMA NO CAMPUS TENTANDO LOCALIZAR O SUSPEITO MAIS NÃO OBTIVEMOS EXITO.','2017-10-20','10:33:11','-34.949793099999965, -8.0507478',0,NULL,'NOVO',0,23,NULL,9,NULL,NULL,NULL,NULL,NULL),(254,'','AS VITIMAS,ALUNOS DA UFPE QUEIXARAM-SE DE TEREM SIDO ENGANADAS PELO SUSPEITO VENDEDOR DE REVISTAS DA EDITORA ABRIL .FIZEMOS CONDUÇÃO DAS PARTES A DELEGACIA DE FLAGRANDES EM CAMPO GRANDE ONDE FOMOS OUVIDOS.RETORNAMOS AO CAMPUS AS 23:20.','2017-10-20','10:50:05','-34.949793099999965, -8.0507478',0,NULL,'NOVO',0,23,NULL,9,NULL,NULL,NULL,NULL,NULL),(255,'','Informo que aproximadamente às 07:40 hs, o GTO  foi acionado pelo vigilante da TKS que trabalha na reitoria sobre um possível arrombamento na PROAES , portanto o funcionário Pedro José Carneiro de Souza Siape 2085580 , ao entrar constatou manchas de sangue no chão e possível  falta de materiais , no entanto quando chegamos ao local fechamos a porta, o chefe de investigação Alexandre Veríssimo entrou em contato com a polícia federal , que depois de alguns minutos chegaram ao setor que houve o sinistro em um siena placa PFU 6430 ás 10:15 com os agentes , Cícero Barbosa Pinto Mat. 10995 , , o perito Paulo Ricardo de Souza Mat. 17706 , e Alfredo Pontual Mat. 12933 papiloscopista, , foi detectado o furto de 5 monitores , 1 botijão de gas , e 1 micro ondas, nessa ocorrência foram o inspetor do plantão Arlindo Maranhão e o agente Valdemir Barbosa ,com a equipe da GIP.','2017-10-23','14:54:53','-34.949793099999965, -8.0507478',0,NULL,'CONCLUIDO',0,50,NULL,2,NULL,NULL,NULL,NULL,NULL),(256,'','Tentativa de assalto, segundo a vitima, Sra. Thamirys da Silva Neto, RG.8.636.624, aluna do curso de Geografia.\n\nAo sair do CTG foi abordada por dois elementos um de estatura mediana\n\n0 outro mais ou menos(1,80 m), o mais baixa era gordo e usava camiseta cinza com lista azul. O mais alto lhe segurou \n\npelos braços e pediu seu celular. A mesma informa que tentou se soltar, mas foi impedida pelo o outro elemento que\n\nlhe agarrou e arrastou-a, um deles lhe deu um soco. Ela conseguiu se soltar e saiu correndo em direção ao CFCH.\n\nFoi aí que pediu ajuda ao TKS que acionou o GTO.','2017-10-23','22:25:42','-34.949793099999965, -8.0507478',0,NULL,'NOVO',0,64,NULL,8,NULL,NULL,NULL,NULL,NULL),(257,'','Comunico que aproximadamente às 08:05 hs o vigilante Alberto acionou o GTO sobre um possível roubo de um veículo Ford- Fiesta placa KPY6691 da proprietária (funcionária) Rafaela Correia e Silva Travassos CPF 00761612424 ID. 3172 5667, segundo ela ao sair do trabalho foi pegar o seu carro que estava estacionado em frente ao CECINE , foi abordada por dois homens ,que estavam em outro veículo ao do seu carro . Foi obrigada por ambos a entrar no seu carro e dirigindo até o bairro de Engenho do Meio próximo ao motel Eros , e ainda levaram os seus pertences como , aliança celular , e brincos e a bolsa foi devolvida com os documentos , a mesma foi a delegacia e registrou o ocorrido ,ocorrência 22169/2017 nessa ocorrência foram Arlindo e Valdemir .','2017-10-25','15:09:26','-34.949793099999965, -8.0507478',0,NULL,'CONCLUIDO',0,50,NULL,2,NULL,NULL,NULL,NULL,NULL),(258,'','Informo que aproximadamente ás 14:00hs o GTO foi acionado via ht pelo TKS que trabalha ao redor do estacionamento do CCS , sobre um galho de uma árvore caio por cima do carro da senhora Francisca Janeira Soares Rocha proprietária do Logan oyx 3707 , a mesma informou que todos os dias deixa seu carro nesse estacionamento e deixou um amasso no capus do seu automóvel . Nessa ocorrência foram Valdemir e Josebete .','2017-10-25','15:55:40','-34.9497931, -8.0507478',0,NULL,'NOVO',0,50,NULL,9,NULL,NULL,NULL,NULL,NULL),(259,'','A inspetoria turma \"B\" informa que o serviço transcorreu normalmente, apenas serviço de rotina como: ponto básico nos \n\nlocais pré-determinados, a frequência foi realizada apenas internamente. Por volta das 20:30 a inspetoria junto com a TKS,\n\nabordaram três transeuntes que estavam no Laguinho em atitude suspeita, por trás da guarita que estava sem iluminação.\n\nPedimos para que os mesmo se identificasse, mas um deles sem identificação não gostou da abordagem da segurança e\n\ncontestou que não estava fazendo uso de entorpecente e afrontou a segurança. Depois que a situação foi controlada o\n\nmesmo se redimiu e comunicou que iria usar entorpecente. Não foi encontrado o entorpecente, já que ele havia se livrado\n\ndo fato que o incriminasse, por isso liberamos. \n\n     Os GTO\'s Carlos Santana e Francisco Cipriano, fizeram um deslocamento da Casa Feminina até UPA da Caxangá,\n\nconduzindo a estudante Sra. Olivia Maria, RG.41960441-8 (curso Educação Física) que estava passando mal. Acompanhou\n\nela a Sra. Bruna Meneses, CPF. 125.224.279-31 Curso Serviço Social). Apos o atendimento da UPA o GTO retornou para\n\nresgatar a aluna e deixando no lugar de origem.\n\n     Obs.: Segundo informe do vigilante do CTG, o Sr. José Milton do Nascimento (Siape 11320930), o mesmo informa apos \n\na retirada da TKS próximo da portaria para a catraca, essa semana já aconteceu três tentativa de assalto em frente ao CTG.\n\n     Comunico também que o GTO juntamente com a TKS, fizeram várias retirada de cavalos dentro do campus.','2017-10-25','08:06:12','-34.949793099999965, -8.0507478',0,NULL,'NOVO',0,64,NULL,9,NULL,NULL,NULL,NULL,NULL),(260,'','AGRESSÃO MÚTUA NO CFCH\n\n\n\n     A inspetoria turma \"B\" informa que ao receber o plantão as 17:50, fizemos um deslocamento para o CFCH em substituição\n\na equipe diurna que estava dando apoio há dois evento de filmagens sobre Olavo de Carvalho e outro não informado. Um no Auditório\n\ne o outro na parte externa do prédio, isso autorizado pela Direção do centro de Filosofia e Ciências Humana. Houve um confronto \n\nno corredor térreo entre os participantes dos dois filmes, gerando com isso varias agressões físicas. a Diretora pediu apoio ao GTO e a\n\ninspetoria comunicou que era caso de polícia e iria acionar o 12º BPM, a Direção não concordou. O inspetor de plantão o Sr. Jorge \n\nCarlos, Siape nº 1132060. Analisando a situação, mesmo contra a vontade da Direção acionou o 12º as 18:12, que chegaram ao\n\nlocal as 19h, sob comando do CB Cardoso, chegaram em três motos mas, o conflito já havia sido encerrado.','2017-10-27','14:20:48','-34.949793099999965, -8.0507478',0,NULL,'NOVO',0,64,NULL,9,NULL,NULL,NULL,NULL,NULL),(261,'','ABORDAGEM\n\n\n\n\n\n     Comunico a essa chefia que ao realizar a operação Campus Seguro, detectamos um grande número de pessoas, inclusive muitos menores\n\nfazendo uso de bebida alcoólica e consumindo entorpecente nas dependência do CAC e CFCH. Pedi apoio a equipe da polícia militar que estava\n\nnas proximidades, sob Comando CB Cardoso (Moto patrulhamento). A bordamos três individuo consumindo entorpecente enfrente ao CFCH, um\n\ndeles se identificou como PA (Policia da Aeronáutica), o mesmo estava sem identificação nenhuma (esse Militar já foi abordado dentro do CAC em\n\nocorrência anteriores). Foi apenas encontrado um cigarro de maconha com um deles, abordagem estava sem como manda a Lei, um individuo\n\ndizendo ser funcionário veio intervi, afirmando que conhecia o Militar, daí ele foi abordado pelos policiais e começou a não aceitar que a policia \n\nnão tinha o direito de estar dentro da UFPE. O mesmo começou a resistir a abordagem, por isso foi algemado e conduzido até a DGOS, onde\n\nse acalmou. (Este Sr. chama-se Marco Aurélio Dias de Santana, Siape 2085345), o mesmo sempre está envolvido em manifestação dentro \n\nda UFPE. Voltando ao abordado é militar da Aeronáutica, foi conseguido a identificação do mesmo porque sua Genitora a Sra. Adriana Maria\n\nde Melo (Fone 986369093), esteve aqui na DGOS. O mesmo chama-se Mickael Wanbastter de Melo Cúrcio (20 anos nascimento 26/09/1997,\n\nResidente a Rua João Francisco Lisboa, 37D (Aruado-UFPE). O funcionário foi liberado porque não encontramos nada com ele, apenas interviu \n\nna abordagem policial, por isso foi algemado pra sua própria integridade e conduzido a DGOS.','2017-10-27','15:28:04','-34.949793099999965, -8.0507478',0,NULL,'NOVO',0,64,NULL,9,NULL,NULL,NULL,NULL,NULL),(262,'','Informo que aproximadamente às 16:00 hs. o bolsista Fábio Felipe Ferreira de Souza , que presta serviço na diretoria LGBT, ligada ao gabinete do reitor, segundo ele , foi agredido por o funcionário Sebastião Célio , ambos trabalham no citado departamento que é coordenado por Geovania . O citado agressor parecia surtado e desconectado nas informações .A coordenadora do CECINE Cida Guilherme siape 1133572 a mesma foi quem acionou a central de segurança , logo depois a senhora Lenita esteve no local com o seu carro junto com Geovania  e conduziu o agredido junto com seus familiares a sua residencia .','2017-10-31','15:19:56','-34.949793099999965, -8.0507478',0,NULL,'NOVO',0,50,NULL,9,NULL,NULL,NULL,NULL,NULL),(263,'','NOS INFORMOU QUE AS 13:50 ESTAVAM NA RECEPÇÃO DO PRÉDIO, QUANDO O SR: JOSÉ CARLOS ALVES DE OLIVEIRA QUE É PROTÉTICO OBSERVOU QUE A MÁQUINA DE COLHER REGISTRO BIOMÉTRICO ESTAVA COM A ¨PLACA¨QUE COLHE A IMPRESSÃO DIGITAL  FORA DO LOCAL.','2017-11-07','12:13:28','-34.949793099999965, -8.0507478',0,NULL,'CONCLUIDO',0,23,NULL,9,NULL,NULL,NULL,NULL,NULL),(264,'','PREENCHEU R.O INFORMANDO QUE NO DOMINGO 19/11/2017 PELA MANHÃ CONFIRMOU INFORMAÇÕES  QUE O ARMÁRIO DE REGISTROS PATRIMONIAL N: 31838,LOCALIZADO NA SALA DO DIRETÓRIO ACADÊMICO SOFREU TENTATIVA DE ARROMBAMENTO DA PORTA QUE PROPICIOU A QUEBRA DO VIDRO DA PORTA DE ONDE ROUBARAM A QUANTIA APROXIMADA DE $ 80,00 E QUE PESSOAS ESTRANHAS AO DEPARTAMENTO CIRCULAVAM NOS CORREDORES DO PRÉDIO.','2017-11-21','16:16:39','-34.949793099999965, -8.0507478',0,NULL,'CONCLUIDO',1,23,NULL,2,NULL,NULL,NULL,NULL,NULL),(265,'','As 16:05 hs, fomos atender a uma ocorrência no CTG, solicitado pelo TKS LEONARDO HENRIQUE matricula 2548. Ao chegarmos no local a estudante MANUELA VASCONCELOS NOGUEIRA, RG. 8.085.144 SDS-PE, CPF. 111.859.324-37 do curso de engenharia civil do 5º período, nos  informou ter sido constrangida. Segundo a aluna, estando ela sentado na mesa de estudos do CTG, Foi abordada pelo o srº ESMERAI MARTINS DA SILVA de RG. 2.295.102 ssp/pe, CPF. 371.768.899-49 residênte na av. Getúlio Vargas nº 798 cabo de Santo Agostinho. conforme a estudante o srº Esmerai se dirigiu a ela, e disse que ela parecia muito com uma filha que ele tinha, ainda segundo a estudante por não conhecer o citado cidadão se sentiu constrangida com  a abordagem do mesmo e teve medo. Logo em seguida a aluna pediu o apoio do srº LEONARDO HENRIQUE, segurança da tks que acionou o GTO via radio. Ao chegar no local o gto foi informado da situação pela aluna, fez a identificação do individuo e informou a vitima se a mesma desejava ir a delegacia de policia prestar uma queixa do homem que a constrangeu. segundo a vitima não iria a DP, pois tinha uma prova para fazer naquele momento e que depois viria a DGOS para registrar a ocorrência em formulário para esse procedimento. Estando também presente na ocorrência o segurança GINALDO DIAS do CTG, informou que conhecia o cidadão ESMERAI, e que até aquele momento não tinha nada que desabonasse a sua conduta. A ocorrência foi atendida pelos GTOS EDVALDO FRANÇA, HONÓRIO SILVA e o segurança da UFPE GINALDO DIAS. Em tempo, Informo que a estudante MANUELA VASCONCELOS esteve nesta DGOS as 19:00hs para registrar a ocorrênca. sem mais para o momento, esta ocorrência é registrada pelo sub inspetor de segurança da UFPE ARLINDO MARANHÃO.','2017-11-24','08:57:59','-34.949793099999965, -8.0507478',0,NULL,'NOVO',0,50,NULL,9,NULL,NULL,NULL,NULL,NULL),(266,'','Informo que aproximadamente às 16:00 hs o TKS que trabalha na Reitoria acionou o GTO via HT sobre o MST que invadiram o estacionamento e possivelmente no prédio, mas pedimos ao porteiro para que fechasse as portas , portanto a viatura 05 com Paulo Pinto na direção , parou na grade de entrada para eles não fecharem, os mesmos começaram a balançar o carro querendo virar a força, que quase virou , falamos aos mesmo que a viatura é patrimônio da união e que iria ser registrado, no entanto  eles suspenderam o carro e fecharam o portão da frente, ao redor do estacionamento ficaram dezenas de manifestantes e uma comissão  entrou para falar com a Sr. Lenita e uma manifestante que ficou fora pichou o muro do jardim, mas não identificamos , alguns minutos depois os mesmos saíram do local e se dirigiram ao campus da UFPE , sem registro de nenhuma ocorrência ..','2017-11-24','15:02:06','-34.949793099999965, -8.0507478',0,NULL,'NOVO',0,50,NULL,9,NULL,NULL,NULL,NULL,NULL),(267,'','FOMOS AO NIAT CFCH/CCSA ONDE A PROFESSORA CAROLINE MARIM NOS SOLICITOU A RETIRADA DA SALA DE AULA O ALUNO SR: ROBERTO MARIANO DA SILVA SANTOS QUE A MESMA O PROIBIU DE ASSISTIR SUA AULA POR CAUSA DE ALGUMAS  ATITUDES HOSTIS QUE O ALUNO VEN TENDO DURANTE O SIMESTRE O MESMO COM APOIO DE OUTROS TRES ALUNOS ESITOU EM SE RETIRAR DA SALA TENDO EM ALGUNS MINUTOS RESOLVIDO SAIR E A PROFESSORA VOLTOU A MINISTRAR SUA AULA E NOS ENTREGOU UM RELATÓRIO INFORMANDO O OCORRIDO.','2017-11-27','17:52:23','-34.949793099999965, -8.0507478',0,NULL,'CONCLUIDO',1,23,NULL,9,NULL,NULL,NULL,NULL,NULL),(268,'','ÀS 19:00h ATENDEMOS O CHAMADO PELA TS DA CASA FEMININA VIA HT NOS INFORMANDO QUE A DIREÇÃO ESTAVA QUESTIONANDO A PRESENÇA DO G.T.O.\n\nAPARTIR DESTA HORA COM PONTO FIXO NO LOCAL.A ALEGAÇÃO DELAS FOI QUE ESTAVAMDOCUMENTADA PARA TAL EXIGÊNCIA;INCLUSIVE QUE HAVERIA TAMBÉM UM DOCUMENTO NESTA DGOSRESPALDANDO A AFIRMAÇÃO DELAS,EU NA FUNÇÃO DE INSPETOR PEDI QUE AGUARDASSEM ENQUANTO EU HAVERIGUAVA A EXIGÊNCIA DA CITADA AUTORIZAÇÃO,INFORMEI LOGO EM SEGUIDA QUE TAL DOCUMENTO NÃO EXISTIA NESTA CENTRAL.\n\n          ÀS 20;20h ESTIVERAM NESTA CENTRAL APROXIMADAMENTE 15(QUINZE) ESTUDANTES DA CEU-FE,INCLUSIVE A ALUNA BRUNA (REPRESENTANTE DA CEU-FE)INDAGANDO RONDAS EM TORNO DA CASA FEMININA A CADA 30 OU 40m,HOUVE UMA DISCUSSÃO A RESPEITO DOS  QUESTIONAMENTOS DELAS E O GRUPO G.T.O. ESCLARECEU QUE NÃO NOS NEGARÍAMOS A DAR APOIO,SEMPRE SOLICITADA(O) PELA CEU-FE;MAS QUE O ENCAMINHAMENTO DESTE PROCEDIMENTO(RONDA ZLE) DEVE VIR DA SSI ( SUPERINTENDÊNCIA DE SEGURANÇA )NÃO OBSTANTE,A ÁREA EXTERNA AO CAMPUS É INCUMBÊNCIA DA P.M.,COMO NOS FOI INFORMADO PELO DIRETOR DE SEG.PAULO SILVA, QUE SEGUNDO O CEL.ELIVALDO DO 12º BPM JÁ ESTAVA ATUANDO NO CAMPUS E NO ENTORNO DA CEU-FE,MOTOS PATRULHAMENTO E VIATURAS DA P.M. (12º B.P.M);COMO CONTAMOS A PRESENÇA DELES AO FAZEREM A RONDA A CEU-FE CONSTATEMENTE NESTE DIA OS MOTO PATRULHEIROS:C.B. DOMINGUES,SD.FREITA MELO E S.D. ATAIDE SIQUEIRA QUE ESTAVAM PRESENTE NA CASA FEMININA ÀS 21;30h.\n\n          ENCERRANDO NOSSAS RONDAS NO CITADO LOCAL ÀS 22;45h,CONTUDO FICANDO O GTO DE PRONTIDÃO DURANTE O DECORRER DA NOTE PARA QUALQUER EVENTUALIDADE.\n\n          PARTICIPARAM DESTA REUNIÃO COMO REPRESENTANTES DIRETAS;\n\n          PATRÍCIA GRACIGELLE DA SILVA 114.410.274-04\n\n          CRISTIANE CARMEM DE MELO     089.571.384-80\n\n          RAMIRES EMILLLY XAVIER DE LIMA  103.304.354-05\n\n          CLARA DE ASSIS ANDRADE           445.269.448-06\n\n   E AS DEMAIS COMO COPARTICIPANTES E O G.T.O..\n\n\n\n                             A TKS DO NIAT CFCH SOLICITOU A PRESENÇA DO G.T.O NAQUELE LOCAL ÀS 19:00h PARA INFORMAR QUE A SALA 105 QUE FICA AO LADO DO LABORATÓRIO DE CONCEVASÃO PREVENTIVA ESTAVA ABERTO,O SENHOR FABRÍCIO COMUNICOU QUE A MONITORA QUE TEM ACESSO A SALA LEVOU A CHAVE,SENDO ASSIM FICARAM OS MATERIAIS EXPOSTOS SEM SEGURANÇA.\n\n                              ÀS 06:30h ,FOMOS CHAMADOS PELO (DIRETOR DO CAMPOS) SEBASTIÃO,PARA NOTIFICAR O DESAPARECIMENTO DE 01(UMA)BICICLETA DE CARGA PERTENCENTE  AO ALOJAMENTO DA NOVA ENGENHARIA QUE FICA AO LADO DO SINTUFEPE ÁREA ESTERNA DO CAMPUS;TAMBÉM 02(DUAS)BICICLETAS DOS FUNCIONÁRIOS DA EMPRESA CITADA,01(UM)MICROONDAS E 01(UM)GRILL; NÃO HOUVE ARROMBAMENTO.','2017-11-23','14:19:53','-34.949793099999965, -8.0507478',0,NULL,'NOVO',0,34,NULL,2,NULL,NULL,NULL,NULL,NULL),(269,'','AS VITMAS DESCERAM DO ONIBUS NA BR 101 E ENTRARAM NA RUA COSTA SEPULVEDA AO LADO DA REITORIA E SEGUIAM EM DIREÇÃO A CASA FEMININA QUANDO FORAM ABORDADAS POR DOIS OCUPANTES DA MOTO COM PLACA :KKL 1221, ESTAVAM ARMADOS O ROUBARAM UM CELULAR DE CADA UMA DAS VITIMAS UM É SANSUNG J7 COR METAL COM CAPA AZUL O OUTRO NÃO FOI INFORMADO MARCA OU REFERENCIA.','2017-12-05','16:24:06','-34.949793099999965, -8.0507478',0,NULL,'CONCLUIDO',1,23,NULL,2,NULL,NULL,NULL,NULL,NULL),(270,'','RECIFE,21 DE DEZEMBRO DE 2017\n\n                                    TURMA D\n\n                                     AO INSPETOR GERAL\n\n\n\n                                      OS GTOs realizaram suas atividades operacionais em todo campus-UFPE, com apoio da TKS e GIP.\n\n                                       ÀS 21:00h iniciou a operação campos seguro-UFPE, com o apoio da TKS e GIP.\n\n                                       terminando a opreção campos seguro,às 22:30h.\n\n\n\n                                       O GTO E ATKS ficamos no evento do C.E. àte terminar a reunião dos Alunos referente ao desaparecimento fora do campos-ufpe de uma aluna do C.E. .\n\n                                       Fizemos rondas costumeiras em todo o campos,plantão tranquilo.','2017-12-21','14:20:25','-34.949793099999965, -8.0507478',0,NULL,'NOVO',0,34,NULL,9,NULL,NULL,NULL,NULL,NULL),(271,'','RECIFE,23 DE DEZEMBRO DE 2017\n\n                         TURMA \"D\"\n\n                         AO INSPETOR GERAL.\n\n\n\n                                OS GTOs realizaram suas atividades operacionais em todo campos -UFPE,com apoio da TKS e GIP.     \n\n\n\n                                ÀS 21 :00 h iniciou a operação campus ceguro-UFPE, com apoio da TKS e GIP. terminando às  22;30h.\n\n\n\n                                fizemos rondas costumeiras em todo campus e até às 06:00h não houve nenhuma anormalidade de quaisquer natureza.','2017-12-23','14:52:01','-34.949793099999965, -8.0507478',0,NULL,'MIGRADO',0,34,NULL,9,NULL,NULL,NULL,NULL,NULL),(272,'','ESTIVEMOS NO C.E ONDE A PROFA: AIDA MARIA MONTEIRO SILVA,DEPTO:MÉTODOS E TÉCNICAS,NOS INFORMOU O DESAPARECIMENTO DE UM LAPTOP  \n\nDA SALA 15 TÉRREO,NÃO SOUBE INFORMAR MARCA OU REFERENCIA DO MESMO. INFORMOU QUE ESTEVE NA SALA DIA 20/12/17 E O MESMO ESTAVA NO LUGAR E RETORNOU A SALA NO DIA 15/01/18 QUANDO PERCEBEU SUA FALTA E QUE OUTRAS PESSOAS POSSUEM CHAVE DA PORTA DA SALA QUE NÃO APRESENTAVA SINAIS DE ARROMBAMENTO.','2018-01-16','17:12:17','-34.949793099999965, -8.0507478',0,NULL,'CONCLUIDO',0,23,NULL,2,NULL,NULL,NULL,NULL,NULL),(273,'','AS 09:45 O VIG.TKS SR; SAULO BRITO,MAT.644 SOLICITOU A PRESENÇA DO GTO NO DEPTO: LANSA.NO LOCAL O PROF.SÉRGIO LUCENA INFORMOU QUE A FUNCIONÁRIA DA LISERVE SRTA. RAIANA CARLA AS 09:00 PERCEBEU A PORTA DE ENTRADA DO LACO-LAB.DE CONTROLE E OTIMIZAÇÃO DE PROCESSOS ABERTA E AO ENTRAR OBSERVOU QUE UMA PORTA DE ATRÁS DO LABORATÓRIO APRESENTAVA SINAIS DE ARROMBAMENTO E SENTIU A FALTA DE UM APARELHO DE MICROONDAS DA COPA.','2018-01-18','11:53:56','-34.949793099999965, -8.0507478',0,NULL,'NOVO',0,23,NULL,2,NULL,NULL,NULL,NULL,NULL),(274,'','ÁS 10:30 O ISUQ WALDY LIMA E O GTO DANIEL SILVEIRA FORAM PARADOS ENFRENTE AO CAP. PELO ALUNO DE CIENCIAS ECONOMICAS (QUINTO PERÍODO)SR:RICARDO PAES FERREIRA DOS SANTOS, QUE INFORMOU TER SIDO AGREDITO VERBALMENTE COM PALAVRAS DE BAIXO ESCALÃO E GESTOS OBISCENOS  PELO SR.CARLOS ALBERTO COLLIER NETO.RES.RUA JOSÉ DE HOLANDA,580 APTO.203 MADALENA/TORRE QUE AO SER ABORDADO POR NOSSA EQUIPE INFORMOU QUE REALMENTE EXISTE DESAVENÇAS ENTRE AS PARTES NÃO DISSE O MOTIVO E QUE FALOU ALGUMAS COISAS PARA O SR. RICARDO,NOS PEDIU DESCULPAS E POR O SR. RICARDO NÃO QUERER IR A DELEGACIA AS PARTES FORAM LIBERADAS.','2018-01-18','12:19:58','-34.9497931, -8.0507478',0,NULL,'NOVO',0,23,NULL,9,NULL,NULL,NULL,NULL,NULL),(275,'','ÀS 18:00 h os GTOs Pedro Henrique Francelino melo e Djalma de Moraes Galvão Filho foram solicitados a central telefônica pelas funcionarias da ADSERVE,Raissa Souza Veles de Araujo,CPF : 703.682.754-85 e Marcia Gomes da Silva,CPF: 065.330.714-40 as mesmas relataram terem recebido uma ligação telefônica para o telefone 21268000 que é o da central telefônica da UFPE,ameaçando-as quando saíssem do trabalho e só o que falaram. Nós GTO E TKS ficamos dando suporte até elas entrassem no veículo para seus destinos.','2018-01-18','08:30:56','-34.949793099999965, -8.0507478',0,NULL,'NOVO',0,34,NULL,9,NULL,NULL,NULL,NULL,NULL),(276,'','Informo que ás 08:20 hs. a vigilante Geane Pereira da Silva Mat. 3190 , trabalha nas proximidades do CB ao bater o botom no horário previsto , foi surpreendida por dois meliantes  e foi levada para dentro da guarita e  levado um revolver calibre 38 com 6 munições e um ht, por ela ter ficado nervosa não identificou as características dos mesmos ,por tanto eles evadiram-se do campus . NO em tanto a vigilante foi a empresa que trabalha e logo depois foi a delegacia prestar um boletim de ocorrência .','2018-01-19','17:35:34','-34.949793099999965, -8.0507478',0,NULL,'CONCLUIDO',0,50,NULL,2,NULL,NULL,NULL,NULL,NULL),(277,'','AS 08;15 COMPARECEU A ESTA DGOS O SR: LUCIANO ALEXANDRE DA SILVA INFORMANDO QUE AS 08:HS TRAFEGAVA NA AV. DOS REITORES EM SEU VEICULO,FIESTA KKP 6127 JABOATÃO QUANDO FOI ATINGIDO POR UMA PEDRA ARREMESSADA POR UMA MÁQUINA EM QUE UM FUNCIONÁRIO DA EMPRESA NOVA ENGENHARIA FAZIA SERVIÇO DE CAPINAÇÃO TRINCANDO O PARABRISAS DIANTEIRO O MESMO PEDE RESSACIMENTO DO PREJUÍZO.A VITIMA VEIO A DGOS ACOMPANHADO PELO ENCARREGADO DA EMPRESA NOVA ENGENHARIA SR: JANILSON GOMES DA SILVA.CPF:43287611453,FONE984122572.','2018-02-07','08:48:31','-34.949793099999965, -8.0507478',0,NULL,'NOVO',0,23,NULL,9,NULL,NULL,NULL,NULL,NULL),(278,'','AS 13:20 FOMOS ACIONADOS PELA VIG.INSTITUCIONAL SRA.ROSEANE PESSOA QUE PRESTA SERVIÇO NO H.C PEDINDO APOIO POR TER OCORRIDO UMA COLISÃO NO LOCAL E EM CONTATO COM A CTTU FOI INFORMADA QUE ELES NÃO PODEM ATUAR DENTRO DO CAMPUS.NO LOCAL A SRA.AUDREY PIMENTEL DE MORAIS PREENCHEU UM R.O INFORMANDO QUE ESTAVA ESTACIONANDO SEU VEICULO TOYOTA ETIOS PLACA OYT 5142 RECIFE PRÓXIMO A RAMPA DO SETOR DE OBSTETRÍCIA DO H.C QUANDO A AMBULÂNCIA DA SECRETARIA DE SAÚDE DE CARUARU PLACA PCD 8564 CONDUZIDA PELO SR: JOSÉ FREIRE BARRETO COLIDIU EM SEU VEICULO.NO LOCAL AS PARTES CONCORDARAM EM DIVIDIR O PREJUÍZO DO VEICULO TOYOTA.O AG. DE PORTARIA DO H.C SR:FÁBIO CAVALCANTE DE ASSIS APRESENTOU-SE COMO TESTEMUNHA.','2018-02-07','15:44:34','-34.949793099999965, -8.0507478',0,NULL,'NOVO',1,23,NULL,9,NULL,NULL,NULL,NULL,NULL),(279,'','Ocorrência de teste','2018-02-13','18:17:09','-34.941810845971645, -8.053127366755238',0,NULL,'MIGRADO',0,2,NULL,2,NULL,NULL,NULL,NULL,NULL),(280,'','Informo que o aluno Jailson Alves de Queiroz cursando Geologia ,Rg. 8114 259 , segundo ele deixou sua bicicleta no bicicletario no prédio do CCSA na manhã do dia 09 de fevereio e quando veio buscala no dia 16 do mês corrente por volta das 17:10 não a encontrou , estando apenas o cadeado rompido, omesmo veio ao gto fazer um boletim de ocorrência .','2018-02-16','17:54:19','-34.949793099999965, -8.0507478',0,NULL,'NOVO',0,50,NULL,2,NULL,NULL,NULL,NULL,NULL),(281,'','ESTIVEMOS NO NUSP 4º ANDAR DO H.C ONDE A ENFERMEIRA SRA: PATRICIA MADRUGA REGO BARROS PREENCHEU B.O UFPE, RELATANDO QUE ESTAVA EM REUNIÃO DO COLEGIADO QUANDO ADENTRARAM AO RECINTO O ADVOGADO DA  RESIDENTE SRA: BRUNA RODRIGUES E DOIS POLICIAIS, O ADVOGADO FOI INFORMADO QUE  POR SE TRATAR DE UM COLEGIADO INTERNO NÃO CABERIA A DEFESA ATRAVÉS DO ADVOGADO NA REUNIÃO. O ADVOGADO INSISTIU E QUERIA QUE A COORDENAÇÃO DA COMISSÃO DEVERIA ACOMPANHAR OS POLICIAIS A DELEGACIA.OS POLICIAS EM CONTATO COM O CIODS RECEBERAM ORIENTAÇÃO DE REGISTRAR O OCORRIDO EM B.O ( M.9633441 ) QUE FOI ASSINADO PELO ADVOGADO E A VICE-COORDENADORA DO PROGRAMA.','2018-02-19','15:36:26','-34.949793099999965, -8.0507478',0,NULL,'NOVO',0,23,NULL,9,NULL,NULL,NULL,NULL,NULL),(282,'','Informo que o aluno Bruno Mesquita Soares de Araújo RG. 7166981, veio a DGOS relatar que no dia 19 de fevereiro de 2018 por volta das 17:50 no departamento do CAC, segundo ele ,estava sentado em umas cadeiras perto da saída do setor. ao sair com o seu amigo pegou seus objetos e depois percebeu que esqueceu do celular ,ao voltar a porta já estava feixada pelo termino do expediente, no em tanto o segurança facilitou sua entrada para procurar o seu pertence,mas chegando ao local não o encontro ,por tanto o mesmo foi ao gestor do prédio e pediu a filmagem, ai foi constatado que um casal achou o celular e entregou ao porteiro Thiago ,logo depois ele pegou seu aparelho e assinou um protocolo de entrega, e nesta data de hoje ,o mesmo veio alegar que o aparelho que lhe foi entregue não é dele, porém ele veio a central de segurança registrar o boletim de ocorrência .','2018-02-26','14:14:36','-34.949793099999965, -8.0507478',0,NULL,'NOVO',0,50,NULL,9,NULL,NULL,NULL,NULL,NULL),(283,'','INCENDIO DE MÉDIA PROPORÇÃO NO TERCEIRO ANDAR DA B.C OS BOMBEIROS FORAM ACIONADOS PELO GESTOR DO PRÉDIO SR: FREDSON GONÇALVES VINHERAM COM TRES VIATURAS SOB O COMANDO DO CAP.ANDERSON RODRIGUES PINTO MAT; 704028-8,FONE 98666-2538 AS 16;30 O INCENDIO FOI CONTROLADO.','2018-02-27','18:15:20','-34.949793099999965, -8.0507478',0,NULL,'NOVO',0,23,NULL,9,NULL,NULL,NULL,NULL,NULL),(284,'','Informo que a porteira Monique nos comunicou do possível furto de uma bicicleta de alumínio marca Endopline cor branca de propriedade do funcionário da conserve gomes o Sr. Robson da Hora Santos Rg. 74747 SDS, segundo o mesmo deixou a sua bicicleta no corredor do prédio souta sem cadeado , ao retornar do almoço por volta das 14:30hs. foi olhar sua biky , quando percebeu que a mesma não se encontrava no local que havia deixado. Com tudo ele alegou ter deixado junto da do colega ,só furtaram a sua. No entanto quando os agentes Honório e Andréa quando chegaram ao setor o mesmo não se encontrava que teria ido assinar sua frequência, devido a reforma  no prédio o portão de trás encontra-se aberto para a entrada de materiais da obra,e também os seguranças instuticionais e Roberto da investigação compareceram .','2018-03-02','16:48:05','-34.949793099999965, -8.0507478',0,NULL,'NOVO',0,50,NULL,2,NULL,NULL,NULL,NULL,NULL),(285,'','O ALUNO DA UFPE HOSPEDADO NO N.A.E SR: ISACK ANGELO DA SILVA,FOI ASSALTADO POR DOIS OCUPANTES DE UMA MOTO CG 150 PRETA ,QUE ESTA FUMAÇANDO BASTANTE,UM DOS MELIANTE APONTOU UMA ARMA QUE SEGUNDO A VITIMA ERA UMA PISTOLA E ROUBARAM UM CELULAR LG K10 A CARTEIRA COM R.G,C.P.F,CARTEIRA DE ESTUDANTE,CARTÃO DO S.U.S E CARTÃO DE CREDITO.O CONDUTOR DA MOTO ESTAVA TRAJANDO BLUSA LISTRADA E CALÇA JEANS O GARUPA TRAJAVA BLUSA COM LISTRAS VERDES E BERMUDA.','2018-03-05','17:55:27','-34.949793099999965, -8.0507478',0,NULL,'ARQUIVADA',0,23,NULL,2,NULL,NULL,NULL,NULL,NULL),(286,'','AS 12:OO FOMOS AVISADOS VIA H.T PELO .T.K.S DO ESTACIONAMENTO DO C.A.P QUE UM GALHO DE ÁRVORE TERIA CAÍDO EM CIMA DE DOIS VEÍCULOS FORAM AO LOCAL OS G.T.Os JOÃO FRANCISCO E TONY VITAL REGISTRARAM EM FOTOS E OS PROPRIETÁRIOS PREENCHERAM R.O.PROFESSORA FERNANDA DA SILVA ARAÚJO MELO,PROPRIETÁRIA DO VEICULO UNO VIVACE 2012/2013 PLACA; OOX 7540 RECIFE QUE TEVE O PARA BRISAS TRASEIRO QUEBRADO TOTALMENTE E AVARIAS NAS LATERAIS E TETO DO VEÍCULO.','2018-03-07','16:31:09','-34.949793099999965, -8.0507478',0,NULL,'NOVO',0,23,NULL,9,NULL,NULL,NULL,NULL,NULL),(287,'','AS 12:00 FOMOS AVISADOS PELO T.K.S DO ESTACIONAMENTO DO C.A.P QUE UM GALHO DE ÁRVORE TERIA CAÍDO EM CIMA DE DOIS VEÍCULOS FORAM AO LOCAL OS G.T.Os JOÃO FRANCISCO E TONY VITAL FIZERAM REGISTRO EM FOTOS E OS PROPRIETÁRIOS DOS VEÍCULOS PREENCHERAM R.O .INFORMANDO OS DANOS CAUSADOS . SANDEIRO EXPRENIEN 2016 PLACA PXO 7896 RECIFE ; DANOS/AVARIAS NA LATARIA E DANIFICOU A TAMPA DO CAPÔ.','2018-03-07','16:47:18','-34.9497931, -8.0507478',0,NULL,'NOVO',0,23,NULL,9,NULL,NULL,NULL,NULL,NULL),(288,'','AS 17:00 ATENDENDO CHAMADO DO LIMA T.K.S SR:RENATO O INSPETOR WALDY LIMA E O G.T.O JOSÉ EDSON FORAM ATÉ O DEPARTAMENTO DE ANTIBIOTICOS.NO LOCAL O SR:JOSÉ LOURENÇO DE FREITAS NETO INFORMOU QUE APROXIMADAMENTE AS 16:00 ESTACIONOU SEU VEÍCULO FIAT/PUNTO COR PRATA,PLACA PFY-3417 E AO RETORNAR APROXIMADAMENTE 40MIN .DEPÓIS O MESMO NÃO ESTAVA MAIS NO LOCAL.TERIA SIDO FURTADO.A VITIMA INFORMOU QUE É ALUNO DA UFPE DO MESTRADO EM FARMÁCIA','2018-03-07','17:04:18','-34.949793099999965, -8.0507478',0,NULL,'NOVO',0,23,NULL,2,NULL,NULL,NULL,NULL,NULL),(289,'','NOS FOI ENTREGUE PELO VIG. INSTITUCIONAL DO C.A.C SR: JOSÉ LAÉRCIO DE SANTANA UMA NOTA DE CIENCIA DE MEDIDA PROTETIVA E O B.O 18E0318001108 DE 05/03/18 REGISTRADO PELA ESTUDANTE DO C.A.C SRTA: CARYN SIMONE DUARTE SANTANA ONDE A MESMA ACUSA SEU EX-NAMORADO SR:MARCIO ALEXANDRO SALES DA ROCHA DE PERTUBAÇÃO DO SOSSEGO E INJURIA,COMO TAMBÉM DEIXOU UMA XEROX DA FOTO DO ACUSADO.','2018-03-07','17:32:37','-34.9497931, -8.0507478',0,NULL,'NOVO',0,23,NULL,9,NULL,NULL,NULL,NULL,NULL),(290,'','A VITIMA ALUNO DA UFPE DO CURSO DE DESING C.A.C SR: ANDRE LEON SANTANA SOBREIRA,COMPARECEU A D.G.O.S NO DIA 12/03/18 PREENCHEU UM R.O-UFPE RELATANDO QUE FOI AGREDIDO VERBALMENTE PELO ALUNO DA UFPE MATRICULADO NO CURSO DE PSICOLOGIA SR: PAULO TIAGO DA SILVA MOURA,TELEFONE 997636493 RESIDE NA RUA JORGE DE LIMA,245 EDIF.  VITA TORRE QUALITÁ IMBIRIBEIRA,CEP:55000-000 QUE SEGUNDO A VITIMA SÓ NÃO O AGREDIU FISICAMENTE POR TER SIDO CONTIDO PELOS COLEGAS DE AMBOS. A VITIMA FOI A DELEGACIA E FEZ UM B.O N.18E01044000621.','2018-03-07','11:50:34','-34.949793099999965, -8.0507478',0,NULL,'NOVO',0,23,NULL,9,NULL,NULL,NULL,NULL,NULL),(291,'','Informo que aproximadamente às 16:50 hs a segurança da TKS Letícia  acionou o GTO sobre um possível arrombamento na porta de entrada do cinema , porém ao averiguar o setor a Sra. Ana Juliana de Souza , comunicou que aparentimente não havia falta de nenhum material , sabemos que a vulnerabilidade do setor é grande, o DIP foi acionado via ht mas no momento não compareceram , nessa ocorrência foram os agentes Honório e Andréa .','2018-03-12','06:42:07','-34.949793099999965, -8.0507478',0,NULL,'NOVO',0,50,NULL,9,NULL,NULL,NULL,NULL,NULL),(292,'','AS 02:14 DA MADRUGADA FUI AVISADO ,VIA,RADIO TRANSCEPTOR,PELO VIGILANTE DA TKS( CLEITON FERNANDES MEDEIROS JUNIOR) INFORMANDO DE UM FURTO OCORRIDO AREA EXTERNA DO BLOCO \"A\" DA  PREFEITURA DA UFPE DENTRO DO PERIMETRO DO REFERIDO LOCAL,O CONDUZIDO DE NOME: EDNARDO CAMPOS SOEIRO, NÃO ENTROU NO DEPARTAMENTO,OS OBJETOS FURTADOS FORAM DUTOS DE COBRE QUE FICAM NA PAREDE DA  PARTE EXTERNA CONECTADO AO AR CONDICIONADO INTERNO DO PREDIO;O CONDUZIDO ESTAVA EQUIPADO PARA PRATICAR O FURTO PORTANDO: SERRA DE AÇO,LUVAS E ALICATE;QUE ENTÃO ACIONAMOS A POLICIA MILITAR  PELO 190 E COM BREVIDADE CHEGOU UMA VIATURA DO GATI QUE O CONDUZIO PARA A SUPERINTENDENCIA DA POLICIA FEDERA DE PERNAMBUCO SEGUIDO DA VT-01 COMO MOTORISTA Sr Carleonde Paixão e o Inspetor da turma \"D\" Sr João Luiz bezerra da silva,siap:1132032,e equipe TKS,CONDUZIDO PORTOU-SE CALMO E NÃO REAGIU A PRISÃO. SAIMOS DA SUPERINTENDENCIA da Policia Federal de Pernambuco AS 11h30.','2018-04-02','18:26:46','-34.949793099999965, -8.0507478',0,NULL,'ARQUIVADA',0,34,NULL,2,NULL,NULL,NULL,NULL,NULL),(293,'','A inspetoria informa a essa chefia que por volta das 20h, esteve aqui na (D.G.O.S.) o \n\nSr. Paulo Roberto Ferrari W. Rivas, RG. 8266260 SDS-PE, fone: 9-99471918, aluno do \n\ncurso Desenvolvimento Urbano, 1º período (MDU). O mesmo comunica que teve sua bi-\n\ncicleta furtada do hall externo do (C.A.C.), ela estava no cadeado e mesmo assim conse-\n\nguiram leva-la do local que estava sem iluminação.','2018-03-26','21:37:39','-34.949793099999965, -8.0507478',0,NULL,'CONCLUIDO',0,64,NULL,2,NULL,NULL,NULL,NULL,NULL),(294,'','AS NOVE HORAS O G.T.O FOI ACIONADO PELO VIG. INSTITUCIONAL SR: JOÃO LIMA COMPONENTE DO QUADRANTE C ONDE O PRÉDIO DO CECINE ESTÁ ENCERIDO INFORMANDO QUE EM RONDA OBSERVOU QUE FOI ROUBADO OS CABOS DE COBRE DE NOVE AR-CONDICIONADOS DO DEPTO. DO CECINE ÁREA QUE FICA PRÓXIMO AO GRADIL QUE DÁ VISTAS PARA AV. PROF: ARTUR DE SÁ.','2018-03-31','09:52:29','-34.949793099999965, -8.0507478',0,NULL,'ARQUIVADA',0,23,NULL,2,NULL,NULL,NULL,NULL,NULL),(295,'','A VITIMA INFORMOU QUE VIU SEU CELULAR UM MOTO G4 PLUS COR BRANCA COM CAPA COR ROSA PELA ULTIMA VEZ AS 16:00 NA SALA ONDE TRABALHA ONDE FICA SEUS PERTENCE  E INSTANTES DEPOIS O MESMO TINHA SUMIDO.','2018-04-12','08:54:46','-34.949793099999965, -8.0507478',0,NULL,'CONCLUIDO',0,23,NULL,2,NULL,NULL,NULL,NULL,NULL),(296,'','Segundo relato da vitima o Sr. Robson Pereira da Silva, sua moto de Placa PGU-6545 (CHASSIS - 9C6KGO650E0005633),\n\nMarca YHAMARA, Mod. Fazer-150, Cor Laranja, Ano 2014. A mesma foi furtada no estacionamento do Corpo discente, por\n\nvolta das 15h. Esse informe foi passado ao plantão da turma \"B\" no inicio as 17:55.','2018-04-13','19:50:56','-34.949793099999965, -8.0507478',0,NULL,'CONCLUIDO',0,64,NULL,2,NULL,NULL,NULL,NULL,NULL),(297,'','Informo que o plantão foi realizado com ronda em toda extensão do campus.\n\n   A frequência foi realizada, apenas no campus UFPE. Encontra-se na saída \n\ndo campus próximo as cancelas, dois postes de iluminação acendendo e apa- \n\ngando, prejudicando a iluminação. Não só este, mas entre outros que estou\n\ninformando as numeração: ART/33; ZRT/42; ART/29; ART/38 e ART/40.\n\nComunico também que recebi o plantão com a cancela de saída do campus\n\ninterditada, pois não foi encontrado nenhum comunicado na ocorrência\n\nanterior e nem o motivo pelo qual a cancela está com cones de interditação.','2018-04-15','09:37:00','-34.949793099999965, -8.0507478',0,NULL,'CONCLUIDO',0,64,NULL,9,NULL,NULL,NULL,NULL,NULL),(298,'','Arrombaram a porta do Laboratório de Pesquisa e destruíram materiais.','2018-04-23','16:47:37','-34.950362478426996, -8.046735682169782',0,NULL,'MIGRADO',1,50,NULL,9,NULL,NULL,NULL,NULL,NULL),(299,'','O aluno Rog´erio Onofre da Silva Rg. 5007081 ,tel. 984712705, segundo ele no dia 20-04-2018 deixou sua bicicleta no bicicletário no centro de educação ,pois o mesmo foi assistir a aula ,e ao voltar não a encontrou , porém no dia 23-04-2018 ele veio a central de segurança prestar essa ocorrência., isso aconteceu no período da noite.','2018-04-23','17:04:34','-34.949793099999965, -8.0507478',0,NULL,'CONCLUIDO',0,50,NULL,2,NULL,NULL,NULL,NULL,NULL),(300,'','Informo que aproximadamente às 10:15 hs o gto foi acionado via ht pela segurança institucional sobre um arrombamento de uma porta em Biotério do departamento de ciência farmaceutica  . O professor e coordenador de Biotério tel.989571964 esteve no setor com o segurança Ubiratan e constataram vários materiais de pesquisa quebrado e segundo o mesmo não detectado nenhum tipo de furto, provavelmente esse sinistro aconteceu no período noturno .','2018-04-23','11:26:31','-34.949793099999965, -8.0507478',0,NULL,'ARQUIVADA',0,50,NULL,9,NULL,NULL,NULL,NULL,NULL),(301,'','AS 12:45 FOMOS CHAMADOS PARA REGISTRAR UMA OCORRENCIA NA CASA MIXTA. NO LOCAL A ALUNA SRTA: LAISLA REGIA DA SILVA MARTINS,NOS ENTREGOU CÓPIA DE B.O N. 18E0318002055 DO DIA 25/04/2018 DA DELEGACIA DA MULHER INFORMANDO TER SIDO ESTUPRADA,ESPANCADA E AMEAÇADA PELO SEU NAMORADO SR:JEFERSON JOSÉ CANDIDO GUSMÃO NA RESIDENCIA DELE NO DIA 24/04/2018.A VITIMA FEZ TODOS PROCEDIMENTOS POLICIAS MAIS VEM SOFRENDO AMEAÇAS DO AUTOR.NO MOMENTO NÃO TEMOS MAIS DADOS DO AUTOR.','2018-04-26','15:33:53','-34.949793099999965, -8.0507478',0,NULL,'MIGRADO',0,23,NULL,9,NULL,NULL,NULL,NULL,NULL),(302,'','Informo que o aluno Daniel Monteiro Bispo Rg. 9079657 curso Bach. Ciência Biológica  cel. 879917319196  , veio a central de segurança aproximadamente às 13:20 registrar sobre um assalto ,. Segundo ele estava  sentado com uma amiga por trás da casa mista , quando um rapaz de bicicleta passou com um cachorro e abordou ambos e levou o seu celular ,colocando na cintura e evadiu do campos .','2018-05-05','15:21:00','-34.949793099999965, -8.0507478',0,NULL,'NOVO',0,50,NULL,2,NULL,NULL,NULL,NULL,NULL),(303,'','Informo que aproximadamente às 08:30 o GTO foi acionado que o professor Sergio Francisco Serafim Monteiro da Silva , segundo ele, que ao estacionar seu carro no CFCH , um homem mais ou menos de 30 anos ,alto , cabelo escuro dirigindo um carro Sentra azul , placa KQX 4563 ,do Rio de Janeiro, parou ao lado do seu carro e iniciou uma série de ofensas , e ameaçou , em seguida evadiu-se do campus prometendo retornar. os agentes Arlindo e Valdemir chegaram ao local e registraram a ocorrência ,e não foi constatado nenhum homem no campus com essa características ;','2018-05-07','14:26:08','-34.949793099999965, -8.0507478',0,NULL,'NOVO',0,50,NULL,9,NULL,NULL,NULL,NULL,NULL),(304,'','A inspetoria turma B informa, por volta das 21:30, foi encontrado no estacionamento do CCSA dois veículos roubado. Veículos: \n\nSandero de cor prata, placa QOA-5859 - Belo Horizonte/BH; o outro um Fiesta de cor preta, placa OYV-8506 - Recife-/PE. \n\nOs mesmo foram entregue ao 12º BPM, sob o protocolo nº M9766966.','2018-05-06','21:42:24','-34.949793099999965, -8.0507478',0,NULL,'CONCLUIDO',0,64,NULL,2,NULL,NULL,NULL,NULL,NULL),(305,'','A VITIMA,ALUNA DO CURSO DE CIENCIA POLITICA DA UFPE  PREENCHEU R.O INFORMANDO TER TIDO SEU CELULAR LG Q6 FURTADO QUANDO SUBIU NO ONIBUS NA PARADA EXTERNA DO CFCH.','2018-05-16','15:10:31','-34.949793099999965, -8.0507478',0,NULL,'CONCLUIDO',0,23,NULL,2,NULL,NULL,NULL,NULL,NULL),(306,'','ESTIVEMOS NO LOCAL,A VITIMA NOS RELATOU VERBALMENTE E NOS ENTREGOU DOCUMENTO INFORMANDO QUE SE SENTE AMEAÇADA PELO SR:HERBERT JOSÉ BRITO DE FREITAS PELO MOTIVO DO MESMO NÃO ACEITAR TER PERDIDO PRAZO DE INSCRIÇÃO NO MESTRADO.OBS: O CASO TRATA-SE DE AMEAÇA,PORÉM NA DESCRIÇÃO DAS OCORRÊNCIAS NÃO CONSTA AS OPÇÕES:OUTRO/AMEAÇA¨.POR ESSE MOTIVO OPTEI PELA OPÇÃO ÄGRESSÃO¨.','2018-05-22','10:14:09','-34.949793099999965, -8.0507478',0,NULL,'NOVO',0,23,NULL,9,NULL,NULL,NULL,NULL,NULL),(307,'','FOI REALIZADA UMA FESTA DO PROGETO CARRANCA, DOS ALUNOS DE EDUCAÇÃO FÍSICA, NO ESTACIONAMENTO DO CCSA NA PARTE LATERAL  DO AUDITÓRIO, ÀS 22:h00 encerrou, porém ocorreu briga entre facção da Roda de fogo e Várzea. acionamos a Polícia Militar, chegaram de imediato mas o acontecido foi muito rápido os envolvidos afugentaram- se de imediato. Não deu tempo para a apreensão dos mesmos, tivemos também o apoio da TKS é DIP. A equipe da PM comandada pelo Sd :Campus, Matrícula:1130250 com duas VTs placas:12044 e 12125 mais dois Moto patrulheiros.','2018-05-19','20:24:27','-34.949793099999965, -8.0507478',0,NULL,'NOVO',0,34,NULL,9,NULL,NULL,NULL,NULL,NULL),(308,'','Informo que aproximadamente às 09:45 hs a vigilante da TKS acionou o GTO , sobre um possível furto na cabine onde existe uma antena da TIM por trás da biblioteca central. Segundo o Sr. Marcelo Emersom Ribeiro Mat. 109238 Rg. 4007994 . técnico da TIM, ele informou que furtaram um aparelho de ar condicionado do setor.','2018-06-02','10:39:31','-34.949793099999965, -8.0507478',0,NULL,'CONCLUIDO',0,50,NULL,2,NULL,NULL,NULL,NULL,NULL),(309,'','Aproximadamente às 13:00 o GTO foi acionado pelo TKS Lima sobre uma ocorrência no estacionamento do CCS próximo a catraca , o qual o estudante do curso de Engenharia Química ,Luis Felipe Brito de Medeiros, segundo ele estacionou o seu carro de marca Ford Ka placa PCI 4740 cor preto. Furaram o pneu do seu veículo do lado do motorista, o mesmo veio a DGOS registrar o acontecido . Nessa ocorrência  foram Honório Silva, Lucilene Andrade, Jaconias Frazão  e e o pessoal da envesatigação .','2018-06-12','14:23:44','-34.949793099999965, -8.0507478',0,NULL,'NOVO',0,50,NULL,9,NULL,NULL,NULL,NULL,NULL),(310,'','Informo que  aproximadamente às 17:15hs o Sr. Paulo Silva diretor da DGOS  acionou o inspetor da turma A para se deslocar a TVU, pois o segurança da TKS  junto com os guardas da CTTU que trabalham no trânsito , abordaram o Sr. Douglas Jacinto da Silva Rg. 8719032 , residente na Rua 54 quarta etapa de Rio Doce apartamento 204 Pois estava iniciando uma grafitagem, no entanto ele ficou detido até o  GTO chegar ao local . Quando os agentes Arlindo e Ubiratan chegaram na viatura 01, falamos com o mesmo e ele alegou que ao passar no local viu várias grafitagens , e já que ele é um profissional (segundo ele) ,iria começar a sua, sem saber que precisava ser autorizado. Nesse intervalo chegou a viatura da polícia militar, placa PDO 6276, e o comandante Cassimir matrícula 120852-7, Relatamos o ocorrido e ficou acertado que na segunda feira seguinte o citado  iria pintar a pichação que teria feito . Assinamos o boletim de ocorrência e o liberamos. O que diz em respeito ao segurança institucional , ele alegou que saiu às 12:00hs para socorrer sua mulher e voltou  ao setor de  trabalho nessa ocorrência  sabendo-se que esse problema foi do lado externo, e o segurança não tem arma e nem colete , e o da TKS não pode sair para área externa .','2018-06-22','06:33:42','-34.949793099999965, -8.0507478',0,NULL,'CONCLUIDO',1,50,NULL,9,NULL,NULL,NULL,NULL,NULL),(311,'','OS G T O.S ROBÉRIO E TONY VITAL ATENDERAM OCORRÊNCIA ONDE O VENDEDOR DE RASPA-RASPA SR: MANOEL JOSÉ DA SILVA QUE NÃO PORTAVA DOCUMENTOS DESFERIU GOLPES DE PUNHAL E FOICE NO AMBULANTE SR: CARLOS EDUARDO GOMES DA SILVA,R.G 2.586.896 SDS/PE ATINGIDO PUNHO E O PEITO ESQUERDO,OS FUNCIONÁRIOS DE UMA OBRA PRÓXIMO AO ACONTECIDO APARTOU A BRIGA EM SEGUIDA O PESSOAL DA TKS CONTROLOU A SITUAÇÃO.AS 13:50 CHEGOU AO LOCAL A VT 12BPM,NO COMANDO DO SD. JOSENI DE ARAÚJO CORREA ,MAT. 1086197 QUE CONDUZIRAM AS PARTES AO D.H.P.P. OS G.T.Os CONDUZIRAM A CENTRAL A BICICLETA DO SR: MANOEL COM UMA GALEIA,UMA CORRENTE COM CADEADO E UMA BOMBA PEQ. PARA ENCHER PNEUS.','2018-06-29','17:36:18','-34.949793099999965, -8.0507478',0,NULL,'NOVO',0,23,NULL,9,NULL,NULL,NULL,NULL,NULL),(312,'','COMPARECEU A ESTA D.G.O.S O PROF:ANTONIO ROBERTO, PREENCHEU R.O-UFPE INFORMANDO O FURTO DE LENTES OCULARES MICROSCÓPIO DO LAB. CENTRAL O MESMO SUSPEITA QUE O FURTO OCORREU ENTRE QUINTA-FEIRA(05) E SÁBADO (07).','2018-07-07','15:00:20','-34.949793099999965, -8.0507478',0,NULL,'CONCLUIDO',0,23,NULL,2,NULL,NULL,NULL,NULL,NULL),(313,'','A VITIMA QUE É ALUNO DO CURSO DE ED.FISICA ENCONTRAVA-SE NA PARADA DE ÔNIBUS NA BR-101 PRÓXIMO A CATRACA C.C.S,QUANDO FOI ABORDADA POR UM MOTOQUEIRO QUE DE ARMA EM PUNHO(PISTOLA) TOMOU DE ASSALTO SEU IPHONE.ORIENTAMOS A VITIMA PROCURAR REGISTRAR B.O NA POLICIA CIVIL.','2018-07-11','07:26:20','-34.949793099999965, -8.0507478',0,NULL,'CONCLUIDO',0,23,NULL,2,NULL,NULL,NULL,NULL,NULL),(314,'','AS 11:30 A PROF. PATRÍCIA PINHEIRO DE MELO FLAGROU UM CASAL DE ALUNOS DESCONHECIDOS DENTRO DE SUA SALA NO 11 ANDAR DO C.F.C.H SEM SEU  CONHECIMENTO OU AUTORIZAÇÃO.OS ALUNOS,EDUARDO VINICIUS ALBUQUERQUE LOURENA DO CURSO DE CIÊNCIAS BIOLÓGICAS-U.F.PE E A ALUNA DA U.PE RES. RUA AIRTON SENNA,90 BELA VISTA-VITÓRIA DE SANTO ANTÃO SRTA. LORENA ALVES DA MATA RIBEIRO, AO SEREM INTERROGADOS SOBRE COMO ENTRARAM NA SALA,FALARAM QUE TERIAM ACHADO AS CHAVES PELO CORREDOR E TESTADO AS MESMAS NAS PORTAS ATÉ ABRIREM A PORTA DA PROF.PATRÍCIA,DEPOIS MUDARAM A VERSÃO E FALARAM QUE RECEBERAM AS CHAVES DAS MÃOS DO ALUNO E MONITOR SR:TUCA HENRIQUE FATO QUE O SR: TUCA HENRIQUE CONFIRMOU Á PROFa.PATRÍCIA VIA TELEFONE DIZENDO QUE CEDEU AS CHAVES A ELES POR SEREM SEUS AMIGOS. SITO COMO TESTEMUNHAS PARA QUALQUER ESCLARECIMENTO O CHEFE DO DEPTO. DE HISTÓRIA PROF.RENATO PINTO E A PROFA. BARTIRA FERRAZ.','2018-07-13','15:59:56','-34.949793099999965, -8.0507478',0,NULL,'NOVO',0,23,NULL,9,NULL,NULL,NULL,NULL,NULL),(315,'','COLISÃO ENTRE O VEICULO CAMINHÃO CAÇAMBA DA UFPE, PLACA OYU 8998,CONDUZIDO PELO MOTORISTA DA EMPRESA  A.D.M SR: JOSÉ ARTHUR MORAES DE OLIVEIRA,R.G 6746533 SDS PE, CPF 06092082411,FONE 997956768 E A MOTOCICLETA YAMARA , PFE 4217 CONDUZIDA PELO SR: ANDREAS ZAIA MIRANDA PAIVA,R.G 7759573 SDS PE,C P F 05012843460 NA RAMPA DA SUBIDA PARA O CECON-UFPE NA AV. DOS REITORES.O MOTOQUEIRO TEVE LESÃO NA MÃO ESQUERDA  E FOI SOCORRIDA PARA UPA-IBURA PELA EQUIPE SAMU NA VT PLACA USP 18 ,COMANDANDA PELA SOCORRISTA SRA:KEILA MAT. 916330.','2018-07-25','14:37:26','-34.949793099999965, -8.0507478',0,NULL,'NOVO',0,23,NULL,9,NULL,NULL,NULL,NULL,NULL),(316,'','A VITIMA QUE É ENFERMEIRA DO H.C NO SETOR DE PEQUENAS CIRURGIAS ALEGOU TER SIDO AGREDIDA COM UM TAPA NAS COSTAS PELA PACIENTE. A PACIENTE  ALEGA TER SIDO AGREDIDA VERBALMENTE PELA VITIMA.ESTEVE NO LOCAL A VT-PM 51099,PLACA PCP 3025 SOB O COMANDO DO SGT. ALBERTO QUE REGISTROU UM B.O . PARTICIPOU DA OCORRÊNCIA  A ASSISTENTE SOCIAL SRA: ANA SEVERO QUE TENTOU AMENIZAR A SITUAÇÃO ENTRE AS PARTES MAIS NÃO OBTEVE EXITO.COMO ESTAVA PRESENTE UMA CRIANÇA NETA DA SRA  : MARIA DO CARMO,A ASSISTENTE SOCIAL SOLICITOU A PRESENÇA DO CONSELHO TUTELAR QUE FICOU DE VIM APÓS AS 18:00','2018-07-27','18:28:33','-34.949793099999965, -8.0507478',0,NULL,'NOVO',0,23,NULL,9,NULL,NULL,NULL,NULL,NULL),(317,'','Informo que aproximadamente ás 13:35hs a Sra. Cristina que trabalha na DIP , fez uma baixa frequência para o inspetor da turma A para com parecer no setor de investigação . Ao chegar no setor ela nos comunicou sobre um possível furto de um aparelho telefônico (celular) , Sansung de cor preta , do proprietário  Lucas Gabriel Souza Santos , residente na Rua Presidente Luiz Peçanha, número 531, apartamento 407,bloco D. O mesmo alegou que ás 11:30hs da manhã ele estava na área de conveniência , quando percebeu que a bateria do seu celular estava descarregando, no entanto o colocou para recarregar , e foi conversar com os amigos , algum tempo depois quando foi pegar o seu aparelho, mas não o encontrou . Porém fez várias ligações para o seu aparelho mas não teve êxito .Às 13:20hs ele foi no setor de segurança verificar nas câmaras,e detector um pessoa estranha entrando no banheiro ,e logo depois esta pessoa saio com a camisa trocada, e logo depois subiu a escada e depois de um bom tempo saiu ligeiramente. Sabendo desse furto o Sr. Lucas Gabriel foi a delegacia do décimo segundo batalhão prestar essa ocorrência . Essa ocorrência foi realizada por a Sra. Cristina no dia 26-07-2018 .','2018-07-26','15:51:51','-34.949793099999965, -8.0507478',0,NULL,'CONCLUIDO',0,50,NULL,2,NULL,NULL,NULL,NULL,NULL),(318,'','A VITIMA PREENCHEU R.O-UFPE INFORMANDO QUE FOI ABORDADA POR UM HOMEM,APARENTEMENTE ARMADO,QUE ANUNCIOU O ASSALTO E PEDIU O CELULAR E A CHAVE DO CARRO,EM SEGUIDA SUBIU NA MOTO E EVADIU-SE DO LOCAL LEVANDO O CELULAR E DEIXANDO O VEICULO,A MESMA INFORMA QUE TEVE APOIO DA SEGURANÇA PARA APANHAR A CHAVE RESERVA DO VEICULO.                                                                                                                                                                                                             \n\nINFORMO QUE O VIG. INSTITUCIONAL DAVID VIEIRA DESCONFIOU DA AÇÃO DO SUSPEITA POR ELE ESTA TRANSITANDO PELA CONTRA-MÃO E AO ACIONAR A SIRENE  DA VIATURA EM ADVERTÊNCIA O SUSPEITO DESENVOLVEU MAIS VELOCIDADE NA MOTO,DAVID TENTOU PERSEGUI-LO E PASSOU A INFORMAÇÃO PARA O EFETIVO VIA H.T(radio) PORÉM DEVIDO OS PROBLEMAS QUE NO MOMENTO ESTAMOS TENDO COM A COMUNICAÇÃO A INFORMAÇÃO CHEGOU COM INTERFERÊNCIA E AO ENTENDER A SITUAÇÃO O T.K.S DA SAÍDA (AV. DOS REITORES) NÃO CONSEGUIU BLOQUEAR E IMPEDIR A FUGA DO MELIANTE.','2018-07-31','13:48:49','-34.949793099999965, -8.0507478',0,NULL,'NOVO',0,23,NULL,2,NULL,NULL,NULL,NULL,NULL),(319,'','Informo que às 12:05 hs o aluno Wellison de Paula C. Silva esteve na DGOS para registrar, que segundo ele ao chegar ao Centro de Educação trancou com o cadeado sua bicicleta no bicicletário do departamento citado e foi para aula , porém ao retornar às 10:00 hs não encontrou a mesma. No entanto já que ele é surdo e mudo com deficiência de se comunicar. Mais o colega que veio com ele nos ajudou a descrever a ocorrência .Até o momento não foi possível localizar a sua bicicleta.','2018-08-21','12:31:09','-34.954617345689144, -8.054617865921147',0,NULL,'MIGRADO',0,50,NULL,2,NULL,NULL,NULL,NULL,NULL),(320,'','Informo que o Sr. Alexandre Veríssimo (chefe da investigação ) , fez uma baixa frequência para a DGOS, sobre um possível assalto nas proximidades de Editora . Pois o Sr. Ítalo Lobo da costa Rg. 8305165 SDS CPF 089 360 514 98, residente na Rua Calçados 293 Janga  Paulista. O mesmo alega que entrou em desespero ,e entrou em luta corporal com os dois meliantes, porque ele desconfiou que a arma era de brinquedo,no em tanto os dois tinham pouca idade.( o carro que eles queriam roubar , um pálio PFS 8848) segundo ele não havia nenhum segurança no setor, mas ao detectarmos o TKS nesse horário bate o boto e não poderia estar nesse setor no presente momento.','2018-08-21','16:21:22','-34.949793099999965, -8.0507478',0,NULL,'CONCLUIDO',0,50,NULL,8,NULL,NULL,NULL,NULL,NULL),(321,'','Informo que o Sr. Wellson de Paula C. da Silva Rg. 8190769  , aluno de Letras Libras chegou ás 08:00hs no Centro de Educação e colocou sua bicicleta no bicicletário do departamento com um cadeado, e foi para sala de aulade aula.Às 10:00hs quando acabou a aula e voltou para pegar sua bicicleta , não a encontrou, pois o mesmo veio a DGOS registrar o ocorrido . E o aluno é mudo e surdo e tinha problema para descrever a ocorrência e seu amigo ajudou a fazer.','2018-08-21','15:39:08','-34.949793099999965, -8.0507478',0,NULL,'CONCLUIDO',1,50,NULL,2,NULL,NULL,NULL,NULL,NULL),(322,'','Segundo a vítima, o mesmo esteve na DGOS as 19:31 e fez o relato na ficha de REGISTRO DE OCORRÊNCIA.\nO Sr. Allamo informou que deixou sua bicicleta de marca HIGHONE aro 29\" de cor preta com detalhe verde\npresa com um cadeado de senha no corredor entre o DEPTº de Informática e CCEN as 07:30 e ao retorna as \n18:30 a bicicleta não estava no local deixado pelo o mesmo. A cópia do registro da vítima encontra-se na DGOS.','2018-08-17','15:48:12','0, 0',0,NULL,'CONCLUIDO',0,64,NULL,2,NULL,NULL,NULL,NULL,NULL),(323,'','ffffffff','2018-08-27','15:26:48','0, 0',0,NULL,'MIGRADO',1,22,NULL,9,NULL,NULL,NULL,NULL,NULL),(324,'','O Sr. Carlos Vinícios Aguiar  Silva (aluno do curso de Eng. Mecânica 3º período) segundo a vítima, estacionou sua bicicleta de marca GONEW e cor verde aro 29\" no bicicletário dentro do CTG entre as 17h e 18:40. Quando retornou para buscar sua bicicleta, canto mais limpo.\n','2018-08-27','22:46:38','-34.95346189999998, -8.053250900000002',0,NULL,'CONCLUIDO',1,64,NULL,2,NULL,NULL,NULL,NULL,NULL),(325,'','Segundo informações do agente da GIP o Sr. Ernani, comunica que houve um princípio de arrastão próximo ao portão do CFCH parte externa.\nSegundo o relato de uma vítima o Sr. Bruno Luan Comandante, RG: 8746570 SDS; CPF: 102567184-82, aluno do curso de Ciências Contábeis,\nresidente a rua José Avelã, 78. Ele relata que houve um princípio de arrastão na catraca do CFCH parte externa e que ao correr para dentro do Campus, foi abordado por um meliante armado onde foi subtraído seu celular. O TKS do CFCH solicitou apoio ao DGOS, esteve no apoio o GTO,\na GIP e a TKS.\nmeliante armado ','2018-08-01','12:11:20','-34.9550256, -8.0509813',0,NULL,'NOVO',0,64,NULL,9,NULL,NULL,NULL,NULL,NULL),(326,'','AS 10:45 FOMOS INFORMADOS VIA BAIXA FREQUÊNCIA PELA PROFA: PAULA SUCERQUIA  SOBRE UM ARROBAMENTO DE PORTA  NO C.T.G . NO LOCAL  O PROF: ANDRES, PREENCHEU R.O- UFPE INFORMANDO QUE AO SE DIRIGIR AO QUINTO ANDAR DO CTG ENCONTROU A PORTA DE ACESSO  ARROMBADA.NOSSA EQUIPE AO CHEGAR REALIZOU VISTORIA EM TODAS AS PORTAS E ENCONTROU A DO D.A DE GEOLOGIA TAMBÉM ARROMBADA. NO INTERIOR DA SALA DO D.A VERIFICAMOS QUE APARENTEMENTE TUDO ESTAVA NO LOCAL','2018-09-07','14:17:19','-34.9550256, -8.0509813',0,NULL,'EM INVESTIGACAO',1,23,NULL,9,NULL,NULL,NULL,NULL,NULL),(327,'','informo que aproximadamente às 17:15 o Lima  da TKS acionou o GTO sobre um possível furto de um carro FIAT WAY placa NQO 4227 da proprietária Sra. Lucicleide Felix Delgado Lessa Rg. 3948223 SDS Pe., celular 989263986. A mesma relatou que sempre deixa o seu veículo no estacionamento do Centro de Artes e Comunicações neste  dia segundo ela chegou aproximadamente às 12:30hs e foi dá aula no GERI que fica do lado externo, e ao retornar às 17:00hs não encontrou o seu carro . Arlindo e Edvaldo Lima foi ao local e resgatou a mesma que preencheu a ocorrência e depois se dirigiu ao DEPATRI para registrar .','2018-09-06','08:42:18','0, 0',0,NULL,'NOVO',1,50,NULL,2,NULL,NULL,NULL,NULL,NULL),(328,'','  Informo que aproximadamente às 17:15hs o Lima da TKS acionou o GTO sobre um possível furto de um carro da  Sra. Lucicleide Felix Delgado Lessa Rg. 3498 SDS Pe., celular 98926 3986, é proprietária  de um fiat way branco placa NQO 4227, a mesma relatou que sempre deixa o seu veículo no estacionamento que fica ao lado do Centro de Artes e Comunicações e neste dia , segundo ela chegou ás 12:30hs e foi dá aula no GERI que fica do lado externo do campus, e ao retornar às 17:00hs não encontrou o seu carro. Arlindo e Edvaldo Lima foram ao local e resgatou a mesma que preencheu a ocorrência e depois se dirigiu  ao DEPATRE para registrar o ocorrido.','2018-09-06','09:12:49','-34.95346189999998, -8.053250900000002',0,NULL,'CONCLUIDO',1,50,NULL,2,NULL,NULL,NULL,NULL,NULL),(329,'','Segundo relato da vítima o Sr. Matheus Vinycius Oliveira Goyes, RG. 9299924 SDS, CPF.:706.287.054-41, curso Serviço Social.\nEle comunica que estava sentado com seu amigo no banco da parada de ônibus do CFCH na av. dos funcionários quando se \naproximou dois elementos, seu amigo percebeu que iria ser assaltado e correu, mas o sr. Matheus não teve tanta sorte, foi \nsurpreendido por um dos elementos que estava armado com uma arma branca (FACA) e que lhe subtraiu seu CELULAR de\nmarca Moto G5S de Nº  (81) 9 8754-4668. ','2018-09-06','14:44:16','-34.95346189999998, -8.053250900000002',0,NULL,'NOVO',1,64,NULL,2,NULL,NULL,NULL,NULL,NULL),(330,'','A ALUNA JÉSSICA RAÍSSA FERREIRA COSTA DA SILVA, PREENCHEU R.O-UFPE INFORMANDO QUE AS 10:40 DO DIA 12\0918 CHEGOU NA BIBLIOTECA DO C.A.C, E NA CABINE QUANDO ESTAVA ESTUDANDO  APROXIMADAMENTE AS 11:40 DEU UM COCHILO,QUANDO ACORDOU SEU CELULAR UM SANNSUNG J2 PRIME,COR ROSA QUE TINHA FICADO ENCIMA DA MESA AO SEU LADO NÃO ESTAVA MAIS. NA CABINE AO SEU LADO TINHA UM RAPAZ QUE ELA NÃO SABE O NOME E ELA  PERGUNTOU SE ELE TINHA VISTO ALGO DE ESTRANHO O MESMO FALOU QUE NÃO E OFERECEU O CELULAR PARA ELA LIGAR TENTANDO LOCALIZAR O DELA,ELA AFIRMA QUE NA PRIMEIRA LIGAÇÃO CHAMOU MAIS NA SEGUNDA TENTATIVA JÁ ESTAVA INDICANDO DESLIGADO. ORIENTAMOS A VITIMA FAZER REGISTRO NA DELEGACIA. ','2018-09-13','16:52:39','-34.95346189999998, -8.053250900000002',0,NULL,'CONCLUIDO',0,23,NULL,2,NULL,NULL,NULL,NULL,NULL),(331,'','       Informo que aproximadamente às 06:40hs o servente da liservi veio a central de segurança nos comunicar , sobre um possível furto no auditório do CCS , Jorge Lobos . Segundo o auxiliar de serviços gerais o Sr. Fernando Cavalcante de Máximo Mat. 003680, alegou que ao entrar às 06:10 hs no auditório para realizar a limpeza e preparar os materiais para o evento que iria haver, percebeu a falta de um data show . Porém não ha nenhuma porta extraviada , e nenhum cadeado arrombado,todas as portas estão intactas . no em tanto foi feito uma baixa frequência para o responsável do setor o funcionário o Sr. Rinaldo Neves , e o mesmo alegou que não estava sabendo de nada do ocorrido . Ao registrar analisamos que a chave que dá acesso ao auditório fica a sua responsabilidade . Nessa ocorrência foram Moab,Ubiratan,Arlindo,Lorenço e Roberto.','2018-09-14','10:01:38','-34.94743570000003, -8.049002999999999',0,NULL,'CONCLUIDO',1,50,NULL,2,NULL,NULL,NULL,NULL,NULL),(332,'','Operação campus seguro faz apreensão de três meliante sendo um menor, com os mesmos foi encontrado um cachimbo e três \ndola de maconha na frente do centro de Artes. Sergio Gustavo do Nascimento Junior, RG.9.553.407 SDS, CPF.703.339.974-09; \nReginaldo Caetano Lira Neto, RG.9.329.965 SDS, CPF.702.845.704-43. (menor) Gaiaquer André do Nascimento, RG. 10.395.868-SDS.\nOs mesmo foram conduzido para Delegacia de Plantão em Santo Amaro.','2018-09-14','22:21:02','-34.953815, -8.05059',0,NULL,'NOVO',0,64,NULL,9,NULL,NULL,NULL,NULL,NULL),(333,'','A VITIMA NA D.G.O.S PREENCHEU R.O-UFPE INFORMANDO QUE FOI ABORDADO NA ENTRADA DO CAMPUS NAS  PROXIMIDADE DO GIRADOR DA REITORIA POR DOIS SUSPEITAS CADA UM EM UMA BICICLETA E UM DE ARMA EM PUNHO TOMOU SEU CELULAR (IPHONE). ORIENTAMOS A VITIMA FAZER B.O NA DELEGACIA ITINERANTE OU PRESENCIAL.','2018-09-17','13:08:07','-34.945492, -8.0483421',0,NULL,'CONCLUIDO',0,23,NULL,2,NULL,NULL,NULL,NULL,NULL),(334,'','Segundo relato da vítima o Sr. Ítalo Marinho Gomes de Oliveira, RG.:8.986.331-SDS; CPF.:113.104.634-09, aluno do curso de Ciências Contábeis.\nO mesmo informa que chegou no CCSA as 16:30 e deixou no bicicletário sua bicicleta presa no cadeado, ao retornar as 22h ela já não se encon-\ntrava mais.','2018-09-18','14:14:08','-34.95035389999998, -8.0489555',0,NULL,'CONCLUIDO',0,64,NULL,2,NULL,NULL,NULL,NULL,NULL),(335,'','O SUSPEITA QUE NÃO PORTAVA DOCUMENTOS E DISSE SER MORADOR DE RUA FOI FLAGRADO PELO T.K.S. SR: FLAVIO JOSÉ NO ESTACIONAMENTO DO CCENCIN TENTANDO ROUBAR CORTANDO A CORRENTE COM UM ALICATE UMA BICICLETA QUE NÃO CONSEGUIMOS LOCALIZAR O PROPRIETÁRIO. DESLOCAMOS TODOS ENVOLVIDOS PARA D.G.O.S DE ONDE ACIONAMOS O 190,E AS 19: CHEGOU UMA VIATURA DO 12 BATALHÃO NO COMANDO DO P.M JOSÉ ORLANDO RODRIGUES DE MOURA JUNIOR R.G: 59342PMPE QUE CONDUZIU O SUSPEITA A DELEGACIA DE PLANTÃO EM SANTO AMARO.(SEGUE B.O).','2018-09-19','15:12:28','-34.951017, -8.055686',0,NULL,'CONCLUIDO',0,23,NULL,6,NULL,NULL,NULL,NULL,NULL),(336,'','O MELIANTE FOI FLAGRADO PELO PROPRIETÁRIO NO MOMENTO QUE CORTOU A CORRENTE QUE PRENDIA A BICICLETA QUE ESTAVA PRESA NO BICICLETÁRIO. TENTOU SE EVADIR MAIS FOI PERSEGUIDO PELO PROPRIETÁRIO E DETIDO PELOS SEGURANÇAS DO H.C E CONDUZIDO A DELEGACIA DE PLANTÕES ONDE FICOU  PARA AGUARDAR  A  AUDIÊNCIA DE CUSTODIA.','2018-09-21','08:32:00','-34.94743570000003, -8.049002999999999',0,NULL,'ARQUIVADA',0,23,NULL,2,NULL,NULL,NULL,NULL,NULL),(337,'','FOMOS AO SETOR ONDE O VIG. T.K.S CHARTON KLEBER ,PREENCHEU R.O- UFPE INFORMANDO QUE FLAGROU UM INDIVIDOU DENTRO DE UMA SALA QUE FOI ARROMBADA E QUE O MELIANTE ATIROU UMA PEDRA EM SUA DIREÇÃO E EVADIU-SE DO LOCAL PULANDO UMA JANELA. NÃO SOUBE INFORMAR SE O MELIANTE SUBTRAIU ALGUM OBJETO.','2018-09-23','08:39:55','-34.94743570000003, -8.049002999999999',0,NULL,'CONCLUIDO',0,23,NULL,9,NULL,NULL,NULL,NULL,NULL),(338,'','AS 17:00 A ALUNA DA CASA DA ESTUDANTE GIOVANA FARIAS RAMALHO NOS INFORMOU QUE POR VOLTA DAS 09:45  AO TENTAR ATRAVESSAR A BR-101 POR BAIXO DO VIADUTO FOI ABORDADA POR UM MELIANTE QUE TOMOU SEU CELULAR.ELA FOI AMPARADA POR DOIS MOTORISTAS E NESSE EXATO MOMENTO PASSAVA UMA VT-PM QUE FOI AVISADA E FOI EM BUSCA DO MELIANTE TENDO EFETUADO A PRISÃO DO MESMO E O CONDUZIDO A D.P. ONDE A VITIMA PRESTOU DEPOIMENTO E RESGATOU SEU CELULAR\n ','2018-09-23','09:03:27','-34.94952749999999, -8.0543756',0,NULL,'NOVO',0,23,NULL,2,NULL,NULL,NULL,NULL,NULL),(339,'','AS VITIMAS COMPARECERAM A D.G.O.S PREENCHERAM R.O-UFPE INFORMANDO QUE FORAM ABORDADAS E AGREDIDAS POR UM CASAL DE MELIANTES QUE VINHAM EM UMA MOBILE OU 50 Cc . QUE A MULHER SACOU DE UMA TESOURA E PEDIU SEUS CELULARES, AS VITIMAS REAGIRAM E OS MELIANTES SÓ LEVARAM O ÓCULOS DE GRAU DE UMA DAS VITIMAS E FUGIRAM. FOI FEITO REFORÇO NOS PORTÕES DE ACESSO NA TENTATIVA DE DETE-LOS PORÉM OS MELIANTES CONSEGUIRAM SE EVADIREM. CONDUZIMOS AS VITIMAS ATÉ O I.F.P.E E AS ORIENTAMOS FAZER B.O ONLINE JÁ QUE NÃO QUISERAM IR A D.P.','2018-09-27','17:22:58','-34.950846, -8.052477',0,NULL,'ARQUIVADA',0,23,NULL,2,NULL,NULL,NULL,NULL,NULL),(340,'','Informo que aproximadamente ás 16:40 a central de segurança foi acionada. Pois na área de educação física houve um arrombamento e em seguida um furto de uma mochila . Porém o vigilante Sr.Erivaldo Ramos Lins Mat. 585, ao chegar na sala onde foi arrombada percebeu a falta de sua mochila , viu o meliante e correu atrás, mas ele saiu pela grade do campus . Em seguida foram pego cinco suspeitos com dois de menores e três de maiores . Citados. Ítalo Sandro Santos de Lima ,residente ,Rua 3 de Setembro número 5 ,Paulo Ricardo Vicente residente , Rua Edvaldo Maranhão Ferreira número 15, Bruno Santana da Silva Rg. 10100789, residente , Rua Dona Cosma Froi número 34, Widson Felipe da Silva, residente Rua 3 de Setembro número 210 e Rodrigo Mendonça da Silva , residente Rua do Zumbi dos Palmares número 1210, todos do bairro Roda de Fogo, foram todos liberados. Depois de alguns minutos o tio do meliante veio ao setor da ocorrência e se comprometeu de traze-lo . o S 1 Renato e Roberto da investigação, juntos com o tio dele foram e trouxeram o acusado William Silva dos Santos Rg. 8813478 com a mochila e todos os pertences da vítima . Logo em seguida perguntamos se a vítima queria ir para a delegacia de flagrantes e o mesmo não quis . O tio do acusado se responsabilizou em leva-lo para sua residencia e entrega-lo aos pais . Nessa ocorrência foram Arlindo, Honório e (Cristina e Roberto da investigação).','2018-10-18','07:05:53','0, 0',0,NULL,'CONCLUIDO',0,50,NULL,2,NULL,NULL,NULL,NULL,NULL),(341,'','Assalto a mão armada as 18h, dois menores vestindo roupa da Escola (Estadual) assaltarão duas estudante, usando de uma pistola (Ar-comprimido)\nsubtraio das estudantes dois celulares. Os mesmos moram abordado nas proximidade da Biblioteca Central pela TKS e conduzidos a DGOS, \nonde foi recuperado os celulares das vitima e a pistola recolhida. Os menores foi entregue a BPM 12º e encaminhado a GPCA juntamente com as vitimas.','2018-11-05','21:05:02','-34.95035389999998, -8.0489555',0,NULL,'NOVO',0,64,NULL,9,NULL,NULL,NULL,NULL,NULL),(342,'','Assalto a mão armada as 18h, dois menores vestindo roupa da Escola (Estadual) assaltarão duas estudante, usando de uma pistola (Ar-comprimido)\nsubtraio das estudantes dois celulares. Os mesmos moram abordado nas proximidade da Biblioteca Central pela TKS e conduzidos a DGOS, \nonde foi recuperado os celulares das vitima e a pistola recolhida. Os menores foi entregue a BPM 12º e encaminhado a GPCA juntamente com as vitimas.','2018-11-05','21:11:14','-34.95035389999998, -8.0489555',0,NULL,'NOVO',0,64,NULL,9,NULL,NULL,NULL,NULL,NULL),(343,'','O Sr. Ramilton de Vasconcelos, aluno do curso de Eng. do Computação. A vitima informa que deixou sua bicicleta no bicicletário do NTI, entre as 17:50 e as 19:00. Ao retornar para buscar a mesma não ha encontrou.','2018-11-09','21:25:53','-34.94947939999997, -8.0521014',0,NULL,'EM INVESTIGACAO',0,64,NULL,2,NULL,NULL,NULL,NULL,NULL),(344,'','ADENTRARAM POR UMA DAS JANELAS DA PROAES E ROUBARAM UM BOTIJÃO DE GÁS, UM MICROONDAS, UM LIQUIDIFICADOR, UMA SANDUICHEIRA E DUAS GARRAFAS TÉRMICAS( 1.800 ML E 2.000 ML ) O OCORRIDO NOS FOI INFORMADO PELA VIG. TKS POLIANA E A TÉCNICA EM CONTABILIDADE DA PROAES SRA. SOLANGE GOMES SIAPE : 1959680. ','2018-11-12','09:11:46','-34.94509310000001, -8.052330500000002',0,NULL,'CONCLUIDO',0,23,NULL,9,NULL,NULL,NULL,NULL,NULL),(345,'','A VITIMA,PROFESSOR DA U.F.P.E (ESTATISTICA ) ESTACIONOU SEU VEICULO AS 14:00 NO ESTACIONAMENTO DO DEPT: DE FISIOTERAPIA , UM GOL COR PRETA,ANO 2012,PLACA PFV 8608 E FOI DÁ AULA, AS 15:30 AO TERMINO DA AULA RETORNOU AO  VEICULO QUE NÃO ESTAVA MAIS NO LOCAL,TINHA SIDO FURTADO . INFORMAMOS AO CIODES (190) ONDE FOI REALIZADO UM ALERTA DO FURTO DO VEÍCULO E CONDUZIMOS A VITIMA A DELEGACIA DA VARZEA ONDE O FURTO FOI LAVRADO EM OCORRÊNCIA N: 184402018. (SEGUE ANEXO). ','2018-11-12','18:35:02','-34.94952749999999, -8.0543756',0,NULL,'NOVO',0,23,NULL,2,NULL,NULL,NULL,NULL,NULL),(346,'','    Por volta das 19;30 os estudantes Johnny Victor da Silva e José Roberto Junior, os mesmo  foram abordados por um meliante usando-se de uma\narma de fogo (Simulacro), onde foi subtraído do Sr. José Roberto de Lima Junior um óculo de grau. Após o ocorrido a vítima pediu apoio a segurança\nonde o meliante foi detido e entregue ao 12º BPM e foi encaminhado a Delegacia de Plantão em Santo Amaro junto com a vítima.\nB.O. nº 18E1174013413','2018-11-27','14:01:38','-34.95256069999999, -8.0481718',0,NULL,'NOVO',0,64,NULL,9,NULL,NULL,NULL,NULL,NULL);
/*!40000 ALTER TABLE `occurrence_reports` ENABLE KEYS */;
UNLOCK TABLES;

--
-- Table structure for table `occurrence_types`
--

DROP TABLE IF EXISTS `occurrence_types`;
/*!40101 SET @saved_cs_client     = @@character_set_client */;
 SET character_set_client = utf8mb4 ;
CREATE TABLE `occurrence_types` (
  `id` int(10) unsigned NOT NULL AUTO_INCREMENT,
  `name` varchar(255) COLLATE utf8mb4_unicode_ci NOT NULL,
  `description` varchar(255) COLLATE utf8mb4_unicode_ci NOT NULL,
  `created_at` timestamp NULL DEFAULT NULL,
  `updated_at` timestamp NULL DEFAULT NULL,
  `deleted_at` timestamp NULL DEFAULT NULL,
  PRIMARY KEY (`id`)
) ENGINE=InnoDB AUTO_INCREMENT=10 DEFAULT CHARSET=utf8mb4 COLLATE=utf8mb4_unicode_ci;
/*!40101 SET character_set_client = @saved_cs_client */;

--
-- Dumping data for table `occurrence_types`
--

LOCK TABLES `occurrence_types` WRITE;
/*!40000 ALTER TABLE `occurrence_types` DISABLE KEYS */;
INSERT INTO `occurrence_types` VALUES (1,'Furto','Furto é o ato de retirar algo que pertence por direito a outra pessoa, contra a vontade desta, mas sem o uso de violência contra a vítima.','2019-04-03 03:27:36','2019-04-03 03:27:36',NULL),(2,'Roubo','Crime que consiste em subtrair coisa móvel pertencente a outrem por meio de violência ou de grave ameaça.','2019-04-03 03:27:36','2019-04-03 03:27:36',NULL),(3,'Assalto a grupo','Crime realizado por um grupo de pessoas que consiste em subtrair coisa móvel pertencente a outrem por meio de violência ou de grave ameaça.','2019-04-03 03:27:36','2019-04-03 03:27:36',NULL),(4,'Sequestro relâmpago','Crime no qual uma vítima, geralmente sequestrada em seu próprio veículo, é mantida por um curto espaço de tempo.','2019-04-03 03:27:36','2019-04-03 03:27:36',NULL),(5,'Arrombamento veicular','Crime que consiste em dano ao veículo para subtrair itens do mesmo.','2019-04-03 03:27:36','2019-04-03 03:27:36',NULL),(6,'Roubo de veículo','Crime no qual o veículo da vítima é subtraido.','2019-04-03 03:27:36','2019-04-03 03:27:36',NULL),(7,'Arrastão','Ação orquestrada de vários individuos, geralmente vândalos, para saquear e roubar.','2019-04-03 03:27:36','2019-04-03 03:27:36',NULL),(8,'Tentativa de assalto','Tentativa de subtrair coisa móvel pertencente a outrem por meio de violência ou grave ameaça.','2019-04-03 03:27:36','2019-04-03 03:27:36',NULL),(9,'Migrado','Migrado','2019-05-08 23:35:13','2019-05-08 23:35:13',NULL);
/*!40000 ALTER TABLE `occurrence_types` ENABLE KEYS */;
UNLOCK TABLES;

--
-- Table structure for table `password_resets`
--

DROP TABLE IF EXISTS `password_resets`;
/*!40101 SET @saved_cs_client     = @@character_set_client */;
 SET character_set_client = utf8mb4 ;
CREATE TABLE `password_resets` (
  `email` varchar(255) COLLATE utf8mb4_unicode_ci NOT NULL,
  `token` varchar(255) COLLATE utf8mb4_unicode_ci NOT NULL,
  `created_at` timestamp NULL DEFAULT NULL,
  KEY `password_resets_email_index` (`email`)
) ENGINE=InnoDB DEFAULT CHARSET=utf8mb4 COLLATE=utf8mb4_unicode_ci;
/*!40101 SET character_set_client = @saved_cs_client */;

--
-- Dumping data for table `password_resets`
--

LOCK TABLES `password_resets` WRITE;
/*!40000 ALTER TABLE `password_resets` DISABLE KEYS */;
/*!40000 ALTER TABLE `password_resets` ENABLE KEYS */;
UNLOCK TABLES;

--
-- Table structure for table `roles`
--

DROP TABLE IF EXISTS `roles`;
/*!40101 SET @saved_cs_client     = @@character_set_client */;
 SET character_set_client = utf8mb4 ;
CREATE TABLE `roles` (
  `id` int(10) unsigned NOT NULL AUTO_INCREMENT,
  `name` varchar(255) COLLATE utf8mb4_unicode_ci NOT NULL,
  `department` varchar(255) COLLATE utf8mb4_unicode_ci DEFAULT NULL,
  `created_at` timestamp NULL DEFAULT NULL,
  `updated_at` timestamp NULL DEFAULT NULL,
  `deleted_at` timestamp NULL DEFAULT NULL,
  PRIMARY KEY (`id`)
) ENGINE=InnoDB AUTO_INCREMENT=12 DEFAULT CHARSET=utf8mb4 COLLATE=utf8mb4_unicode_ci;
/*!40101 SET character_set_client = @saved_cs_client */;

--
-- Dumping data for table `roles`
--

LOCK TABLES `roles` WRITE;
/*!40000 ALTER TABLE `roles` DISABLE KEYS */;
INSERT INTO `roles` VALUES (1,'Usuário Comum','','2019-04-03 03:27:35','2019-04-03 03:27:35',NULL),(2,'Inspetor','DFCU','2019-04-03 03:27:35','2019-04-03 03:27:35',NULL),(3,'Diretor','DFCU','2019-04-03 03:27:35','2019-04-03 03:27:35',NULL),(4,'Segurança','DENS','2019-04-03 03:27:35','2019-04-03 03:27:35',NULL),(5,'Inspetor','DENS','2019-04-03 03:27:35','2019-04-03 03:27:35',NULL),(6,'Inspetor Geral','DENS','2019-04-03 03:27:35','2019-04-03 03:27:35',NULL),(7,'Diretor Operacional','DENS','2019-04-03 03:27:35','2019-04-03 03:27:35',NULL),(8,'Superitendente','DENS','2019-04-03 03:27:35','2019-04-03 03:27:35',NULL),(9,'Investigador','DIP','2019-04-03 03:27:35','2019-04-03 03:27:35',NULL),(10,'Investigador Chefe','DIP','2019-04-03 03:27:35','2019-04-03 03:27:35',NULL),(11,'Superitendente','DIP','2019-04-03 03:27:35','2019-04-03 03:27:35',NULL);
/*!40000 ALTER TABLE `roles` ENABLE KEYS */;
UNLOCK TABLES;

--
-- Table structure for table `users`
--

DROP TABLE IF EXISTS `users`;
/*!40101 SET @saved_cs_client     = @@character_set_client */;
 SET character_set_client = utf8mb4 ;
CREATE TABLE `users` (
  `id` int(10) unsigned NOT NULL AUTO_INCREMENT,
  `name` varchar(255) COLLATE utf8mb4_unicode_ci NOT NULL,
  `cpf` varchar(11) COLLATE utf8mb4_unicode_ci NOT NULL,
  `birthdate` date NOT NULL,
  `gender` enum('MASCULINO','FEMININO','TRANS_MASC','TRANS_FEM','NAO_DECLARADO') COLLATE utf8mb4_unicode_ci NOT NULL,
  `skin_color` enum('BRANCO','PARDO','NEGRO','INDIGENA','AMARELO','NAO_DECLARADO') COLLATE utf8mb4_unicode_ci NOT NULL,
  `cellphone` varchar(255) COLLATE utf8mb4_unicode_ci NOT NULL,
  `phone` varchar(255) COLLATE utf8mb4_unicode_ci DEFAULT NULL,
  `status` enum('ATIVO','BLOQUEADO','INATIVO') COLLATE utf8mb4_unicode_ci NOT NULL,
  `email` varchar(255) COLLATE utf8mb4_unicode_ci NOT NULL,
  `password` varchar(255) COLLATE utf8mb4_unicode_ci NOT NULL,
  `remember_token` varchar(100) COLLATE utf8mb4_unicode_ci DEFAULT NULL,
  `role_id` int(10) unsigned NOT NULL,
  `created_at` timestamp NULL DEFAULT NULL,
  `updated_at` timestamp NULL DEFAULT NULL,
  `deleted_at` timestamp NULL DEFAULT NULL,
  PRIMARY KEY (`id`),
  UNIQUE KEY `users_cpf_unique` (`cpf`),
  UNIQUE KEY `users_cellphone_unique` (`cellphone`),
  UNIQUE KEY `users_email_unique` (`email`),
  KEY `users_role_id_index` (`role_id`),
  CONSTRAINT `users_role_id_foreign` FOREIGN KEY (`role_id`) REFERENCES `roles` (`id`)
) ENGINE=InnoDB AUTO_INCREMENT=86 DEFAULT CHARSET=utf8mb4 COLLATE=utf8mb4_unicode_ci;
/*!40101 SET character_set_client = @saved_cs_client */;

--
-- Dumping data for table `users`
--

LOCK TABLES `users` WRITE;
/*!40000 ALTER TABLE `users` DISABLE KEYS */;
INSERT INTO `users` VALUES (1,'Hilario Aufderhar','35737762898','1991-05-18','TRANS_FEM','NEGRO','5708531660','2258207619','INATIVO','gleason.sydney@example.net','$2y$10$TKh8H1.PfQx37YgCzwiKb.KjNyWgaHb9cbcoQgdIVFlYg7B77UdFm','xnqvfHAzgm',5,'2019-04-03 03:27:36','2019-04-03 03:27:36',NULL),(2,'Vince Hoeger','68655662595','1999-01-18','FEMININO','NEGRO','5415400501','3083336322','ATIVO','miller.tia@example.com','$2y$10$TKh8H1.PfQx37YgCzwiKb.KjNyWgaHb9cbcoQgdIVFlYg7B77UdFm','GQEdIxjyQG',2,'2019-04-03 03:27:36','2019-04-03 03:27:36',NULL),(3,'Michaela Schuppe PhD','60227536000','1992-06-11','TRANS_FEM','BRANCO','4307257961','1214297033','BLOQUEADO','nader.kristian@example.com','$2y$10$TKh8H1.PfQx37YgCzwiKb.KjNyWgaHb9cbcoQgdIVFlYg7B77UdFm','cWrLe15J1B',2,'2019-04-03 03:27:36','2019-04-03 03:27:36',NULL),(4,'Ezra Beatty','11015461191','1995-02-13','TRANS_FEM','PARDO','8086388498','645804409','INATIVO','selena19@example.net','$2y$10$TKh8H1.PfQx37YgCzwiKb.KjNyWgaHb9cbcoQgdIVFlYg7B77UdFm','ymXmZUc2Gu',2,'2019-04-03 03:27:36','2019-04-03 03:27:36',NULL),(5,'Hiram Dibbert','19828387146','1999-02-26','TRANS_MASC','PARDO','8081922713','2173173556','INATIVO','sadie73@example.com','$2y$10$TKh8H1.PfQx37YgCzwiKb.KjNyWgaHb9cbcoQgdIVFlYg7B77UdFm','DUE7dlUgYZ',9,'2019-04-03 03:27:36','2019-04-03 03:27:36',NULL),(6,'Dr. Martine Leuschke III','92671314611','1998-09-01','TRANS_MASC','BRANCO','3704475213','2602936540','INATIVO','aiden62@example.com','$2y$10$TKh8H1.PfQx37YgCzwiKb.KjNyWgaHb9cbcoQgdIVFlYg7B77UdFm','eKATCLTTHe',4,'2019-04-03 03:27:36','2019-04-03 03:27:36',NULL),(7,'Titus Feeney','31304627281','1996-08-30','TRANS_FEM','NEGRO','4540526833','473225535','ATIVO','johns.brandyn@example.com','$2y$10$TKh8H1.PfQx37YgCzwiKb.KjNyWgaHb9cbcoQgdIVFlYg7B77UdFm','Zmm48pzyBR',8,'2019-04-03 03:27:36','2019-04-03 03:27:36',NULL),(8,'Mr. Dusty Bechtelar','84192431161','1994-06-09','FEMININO','NEGRO','2612638617','1470441267','INATIVO','holden.grant@example.net','$2y$10$TKh8H1.PfQx37YgCzwiKb.KjNyWgaHb9cbcoQgdIVFlYg7B77UdFm','B0QhSyTtV3',5,'2019-04-03 03:27:36','2019-04-03 03:27:36',NULL),(9,'Alize Watsica','46815090907','1996-11-13','MASCULINO','NEGRO','7866634269','1089156868','BLOQUEADO','jeramy.koch@example.org','$2y$10$TKh8H1.PfQx37YgCzwiKb.KjNyWgaHb9cbcoQgdIVFlYg7B77UdFm','lazuNETPL0',8,'2019-04-03 03:27:36','2019-04-03 03:27:36',NULL),(10,'Adrian Boyle','17986270622','1996-04-27','FEMININO','BRANCO','4251494498','988898108','INATIVO','zemlak.yadira@example.com','$2y$10$TKh8H1.PfQx37YgCzwiKb.KjNyWgaHb9cbcoQgdIVFlYg7B77UdFm','C7suOm7t5K',7,'2019-04-03 03:27:36','2019-04-03 03:27:36',NULL),(11,'Mr. Jordan Tillman III','99707821038','1997-12-10','MASCULINO','NEGRO','2745654632','1091412849','INATIVO','everette84@example.org','$2y$10$TKh8H1.PfQx37YgCzwiKb.KjNyWgaHb9cbcoQgdIVFlYg7B77UdFm','xY8CpaMItK',3,'2019-04-03 03:27:36','2019-04-03 03:27:36',NULL),(12,'Ms. Johanna Bogan','11784981940','1994-07-31','MASCULINO','BRANCO','8568297843','1234604233','INATIVO','derick.mann@example.com','$2y$10$TKh8H1.PfQx37YgCzwiKb.KjNyWgaHb9cbcoQgdIVFlYg7B77UdFm','tX6XXrLZeu',1,'2019-04-03 03:27:36','2019-04-03 03:27:36',NULL),(13,'Alaina Purdy V','51879633903','2001-03-30','MASCULINO','PARDO','4862655835','1238803105','INATIVO','stoltenberg.jadyn@example.org','$2y$10$TKh8H1.PfQx37YgCzwiKb.KjNyWgaHb9cbcoQgdIVFlYg7B77UdFm','a3D87MnISi',9,'2019-04-03 03:27:36','2019-04-03 03:27:36',NULL),(14,'Allan Beatty','55810473866','1993-05-17','FEMININO','NEGRO','3273366898','2056163260','ATIVO','milton64@example.net','$2y$10$TKh8H1.PfQx37YgCzwiKb.KjNyWgaHb9cbcoQgdIVFlYg7B77UdFm','1L3K6PQm5R',1,'2019-04-03 03:27:36','2019-04-03 03:27:36',NULL),(15,'Elise Dibbert','83826740824','1995-03-18','TRANS_MASC','INDIGENA','8560070609','1460966359','ATIVO','ucollier@example.org','$2y$10$TKh8H1.PfQx37YgCzwiKb.KjNyWgaHb9cbcoQgdIVFlYg7B77UdFm','HyfujOpCRD',8,'2019-04-03 03:27:36','2019-04-03 03:27:36',NULL),(16,'Dr. Chase Romaguera DVM','37891208148','1991-11-06','TRANS_FEM','BRANCO','2015146957','2128880170','BLOQUEADO','nbechtelar@example.com','$2y$10$TKh8H1.PfQx37YgCzwiKb.KjNyWgaHb9cbcoQgdIVFlYg7B77UdFm','7pFjFmZS89',7,'2019-04-03 03:27:36','2019-04-03 03:27:36',NULL),(17,'Terence Schultz','88250708772','1989-08-14','TRANS_FEM','AMARELO','8424283395','1930590226','INATIVO','daija.hickle@example.org','$2y$10$TKh8H1.PfQx37YgCzwiKb.KjNyWgaHb9cbcoQgdIVFlYg7B77UdFm','yTdpYHyMcy',5,'2019-04-03 03:27:36','2019-04-03 03:27:36',NULL),(18,'Una Conn','15441445912','1996-02-21','FEMININO','AMARELO','6643168985','697496805','BLOQUEADO','mfeest@example.org','$2y$10$TKh8H1.PfQx37YgCzwiKb.KjNyWgaHb9cbcoQgdIVFlYg7B77UdFm','Gq1W6yaMuI',9,'2019-04-03 03:27:36','2019-04-03 03:27:36',NULL),(19,'Lenna O\'Reilly','87620532747','1994-06-21','TRANS_FEM','PARDO','3011594332','943130267','INATIVO','mbatz@example.org','$2y$10$TKh8H1.PfQx37YgCzwiKb.KjNyWgaHb9cbcoQgdIVFlYg7B77UdFm','1KpxNQosUU',7,'2019-04-03 03:27:36','2019-04-03 03:27:36',NULL),(20,'Beau Hoppe','3109693950','2001-01-20','TRANS_MASC','PARDO','2253168507','1283942129','INATIVO','ebailey@example.org','$2y$10$TKh8H1.PfQx37YgCzwiKb.KjNyWgaHb9cbcoQgdIVFlYg7B77UdFm','77W36ykSxz',6,'2019-04-03 03:27:36','2019-04-03 03:27:36',NULL),(21,'Dr. Shanie Little','43866562190','1990-02-09','TRANS_MASC','INDIGENA','7324196144','1836488237','ATIVO','pstroman@example.com','$2y$10$TKh8H1.PfQx37YgCzwiKb.KjNyWgaHb9cbcoQgdIVFlYg7B77UdFm','v9v8fuSdUh',3,'2019-04-03 03:27:36','2019-04-03 03:27:36',NULL),(22,'Andreanne Schoen','85542508649','1996-10-27','TRANS_FEM','PARDO','6813216961','557078988','BLOQUEADO','tessie68@example.com','$2y$10$TKh8H1.PfQx37YgCzwiKb.KjNyWgaHb9cbcoQgdIVFlYg7B77UdFm','mWTvWxvUC0',1,'2019-04-03 03:27:36','2019-04-03 03:27:36',NULL),(23,'Pearline Lesch','73170092746','1991-08-03','TRANS_FEM','PARDO','6966462801','1192127776','ATIVO','joaquin.runolfsson@example.org','$2y$10$TKh8H1.PfQx37YgCzwiKb.KjNyWgaHb9cbcoQgdIVFlYg7B77UdFm','6fFlsbZnnk',6,'2019-04-03 03:27:36','2019-04-03 03:27:36',NULL),(24,'Kurtis Ledner','34195974496','1991-01-29','MASCULINO','INDIGENA','5077337738','664939972','BLOQUEADO','hickle.adam@example.net','$2y$10$TKh8H1.PfQx37YgCzwiKb.KjNyWgaHb9cbcoQgdIVFlYg7B77UdFm','SgnHuhe2P1',8,'2019-04-03 03:27:36','2019-04-03 03:27:36',NULL),(25,'Piper Nader IV','30160445400','1994-03-05','TRANS_MASC','AMARELO','5963268423','805025654','BLOQUEADO','brippin@example.net','$2y$10$TKh8H1.PfQx37YgCzwiKb.KjNyWgaHb9cbcoQgdIVFlYg7B77UdFm','jOkKjHR3Ij',5,'2019-04-03 03:27:36','2019-04-03 03:27:36',NULL),(26,'Dr. Jordan Lebsack','14506777697','1998-11-15','TRANS_MASC','INDIGENA','1601972171','871241029','INATIVO','breana44@example.net','$2y$10$TKh8H1.PfQx37YgCzwiKb.KjNyWgaHb9cbcoQgdIVFlYg7B77UdFm','ERqM0lgzqz',8,'2019-04-03 03:27:36','2019-04-03 03:27:36',NULL),(27,'Waldo Wiza','15368642494','1997-04-02','MASCULINO','INDIGENA','6952650245','2640360793','BLOQUEADO','collin75@example.com','$2y$10$TKh8H1.PfQx37YgCzwiKb.KjNyWgaHb9cbcoQgdIVFlYg7B77UdFm','5JjeVFZTcN',3,'2019-04-03 03:27:36','2019-04-03 03:27:36',NULL),(28,'Nya Boehm','92352970752','1995-06-22','TRANS_MASC','BRANCO','1113789720','1320765630','ATIVO','penelope.hermann@example.net','$2y$10$TKh8H1.PfQx37YgCzwiKb.KjNyWgaHb9cbcoQgdIVFlYg7B77UdFm','7wwvmbMvlM',3,'2019-04-03 03:27:36','2019-04-03 03:27:36',NULL),(29,'Dr. Joey Glover','904746520','2000-10-30','TRANS_FEM','AMARELO','1025752380','424162549','BLOQUEADO','kihn.nicola@example.net','$2y$10$TKh8H1.PfQx37YgCzwiKb.KjNyWgaHb9cbcoQgdIVFlYg7B77UdFm','4vRgtJunY5',7,'2019-04-03 03:27:36','2019-04-03 03:27:36',NULL),(30,'Prof. Stuart Williamson I','53457432153','1994-05-30','TRANS_FEM','AMARELO','1358617030','441153552','ATIVO','jaleel60@example.com','$2y$10$TKh8H1.PfQx37YgCzwiKb.KjNyWgaHb9cbcoQgdIVFlYg7B77UdFm','5gsS4soXuX',8,'2019-04-03 03:27:36','2019-04-03 03:27:36',NULL),(31,'Garrett Hoeger','31425077667','1991-07-18','TRANS_MASC','NEGRO','4174691833','680514726','INATIVO','anya79@example.org','$2y$10$TKh8H1.PfQx37YgCzwiKb.KjNyWgaHb9cbcoQgdIVFlYg7B77UdFm','8ucLrzY4n5',8,'2019-04-03 03:27:36','2019-04-03 03:27:36',NULL),(32,'Mrs. Cortney Schulist Jr.','20620494973','1995-07-15','TRANS_FEM','AMARELO','1362084948','2696520100','BLOQUEADO','tyrel.veum@example.com','$2y$10$TKh8H1.PfQx37YgCzwiKb.KjNyWgaHb9cbcoQgdIVFlYg7B77UdFm','MtWMifF1Os',1,'2019-04-03 03:27:36','2019-04-03 03:27:36',NULL),(33,'Fermin Fadel IV','63067603133','1997-03-06','TRANS_MASC','PARDO','3551097520','2021629800','ATIVO','dave18@example.org','$2y$10$TKh8H1.PfQx37YgCzwiKb.KjNyWgaHb9cbcoQgdIVFlYg7B77UdFm','SM5VvpXlEW',4,'2019-04-03 03:27:36','2019-04-03 03:27:36',NULL),(34,'Amalia Rippin','18551383431','1995-10-31','TRANS_MASC','NEGRO','4698366290','1339054789','ATIVO','jaydon53@example.org','$2y$10$TKh8H1.PfQx37YgCzwiKb.KjNyWgaHb9cbcoQgdIVFlYg7B77UdFm','SMEZzqtdKQ',1,'2019-04-03 03:27:36','2019-04-03 03:27:36',NULL),(35,'Dominic Tremblay','68936853065','1989-12-20','MASCULINO','PARDO','7843955814','2362305862','ATIVO','joanne.runolfsson@example.net','$2y$10$TKh8H1.PfQx37YgCzwiKb.KjNyWgaHb9cbcoQgdIVFlYg7B77UdFm','rsRaOgeEiy',1,'2019-04-03 03:27:36','2019-04-03 03:27:36',NULL),(36,'Mireille Rempel','79148808113','1989-04-09','FEMININO','PARDO','3713518295','2784606924','ATIVO','claud.harris@example.org','$2y$10$TKh8H1.PfQx37YgCzwiKb.KjNyWgaHb9cbcoQgdIVFlYg7B77UdFm','UPF0jmNM9v',3,'2019-04-03 03:27:36','2019-04-03 03:27:36',NULL),(37,'Prof. Luna Lesch MD','26977297250','1991-05-31','FEMININO','AMARELO','3393549790','1767721057','INATIVO','weissnat.zena@example.org','$2y$10$TKh8H1.PfQx37YgCzwiKb.KjNyWgaHb9cbcoQgdIVFlYg7B77UdFm','NujnMt3Zoq',3,'2019-04-03 03:27:36','2019-04-03 03:27:36',NULL),(38,'Joe Bergnaum','607956431','1991-11-02','TRANS_FEM','INDIGENA','2728232773','1082357445','BLOQUEADO','kuvalis.darion@example.net','$2y$10$TKh8H1.PfQx37YgCzwiKb.KjNyWgaHb9cbcoQgdIVFlYg7B77UdFm','6eqWgdw6LW',9,'2019-04-03 03:27:36','2019-04-03 03:27:36',NULL),(39,'Etha Lind','57480003079','2000-02-25','TRANS_FEM','NEGRO','1939186175','1771886653','INATIVO','cmuller@example.net','$2y$10$TKh8H1.PfQx37YgCzwiKb.KjNyWgaHb9cbcoQgdIVFlYg7B77UdFm','NNWGSpm1JG',1,'2019-04-03 03:27:36','2019-04-03 03:27:36',NULL),(40,'Marjorie Ruecker','62460243326','1994-04-01','TRANS_FEM','INDIGENA','6813541540','1829704973','INATIVO','wmorissette@example.net','$2y$10$TKh8H1.PfQx37YgCzwiKb.KjNyWgaHb9cbcoQgdIVFlYg7B77UdFm','dDViumY0dr',6,'2019-04-03 03:27:36','2019-04-03 03:27:36',NULL),(41,'Bonita Grimes','58019790939','1991-12-25','FEMININO','INDIGENA','3141979983','932623704','ATIVO','okuneva.jeffrey@example.com','$2y$10$TKh8H1.PfQx37YgCzwiKb.KjNyWgaHb9cbcoQgdIVFlYg7B77UdFm','nb6uQRywXm',9,'2019-04-03 03:27:36','2019-04-03 03:27:36',NULL),(42,'Cristobal Cartwright','31783521994','1991-10-04','TRANS_MASC','BRANCO','5505931898','954388922','INATIVO','susana.maggio@example.com','$2y$10$TKh8H1.PfQx37YgCzwiKb.KjNyWgaHb9cbcoQgdIVFlYg7B77UdFm','yYOhL3Pwp4',1,'2019-04-03 03:27:36','2019-04-03 03:27:36',NULL),(43,'Abby Gottlieb','24513527256','1996-12-24','MASCULINO','PARDO','4469492752','1929100362','INATIVO','arvel.littel@example.org','$2y$10$TKh8H1.PfQx37YgCzwiKb.KjNyWgaHb9cbcoQgdIVFlYg7B77UdFm','1xstrzZkXB',8,'2019-04-03 03:27:36','2019-04-03 03:27:36',NULL),(44,'Bernie Prosacco','6877730668','1998-06-29','MASCULINO','INDIGENA','2384385825','1599466810','BLOQUEADO','loyce28@example.org','$2y$10$TKh8H1.PfQx37YgCzwiKb.KjNyWgaHb9cbcoQgdIVFlYg7B77UdFm','gSGDbf9mOa',8,'2019-04-03 03:27:36','2019-04-03 03:27:36',NULL),(45,'Reba Kirlin','9182824410','1989-05-18','MASCULINO','AMARELO','4780278591','847983128','ATIVO','osinski.tania@example.org','$2y$10$TKh8H1.PfQx37YgCzwiKb.KjNyWgaHb9cbcoQgdIVFlYg7B77UdFm','66XjEcPf4E',8,'2019-04-03 03:27:36','2019-04-03 03:27:36',NULL),(46,'Prof. Lazaro Kertzmann','41377666858','1994-06-07','MASCULINO','INDIGENA','7782262575','619000687','BLOQUEADO','wkemmer@example.net','$2y$10$TKh8H1.PfQx37YgCzwiKb.KjNyWgaHb9cbcoQgdIVFlYg7B77UdFm','jBX0DIziWI',6,'2019-04-03 03:27:36','2019-04-03 03:27:36',NULL),(47,'Sarai Klocko','4007210000','1990-03-27','TRANS_MASC','NEGRO','5193697413','473208207','ATIVO','langworth.idell@example.org','$2y$10$TKh8H1.PfQx37YgCzwiKb.KjNyWgaHb9cbcoQgdIVFlYg7B77UdFm','J7mVpWn86R',6,'2019-04-03 03:27:36','2019-04-03 03:27:36',NULL),(48,'Ollie Becker','92169526957','1992-03-16','TRANS_FEM','INDIGENA','4888875074','576268066','ATIVO','gleason.christiana@example.org','$2y$10$TKh8H1.PfQx37YgCzwiKb.KjNyWgaHb9cbcoQgdIVFlYg7B77UdFm','fNpEz8ySpH',1,'2019-04-03 03:27:36','2019-04-03 03:27:36',NULL),(49,'Jada Wiza','37791188305','1999-08-05','TRANS_FEM','INDIGENA','8485016415','1168997444','INATIVO','wiegand.jaydon@example.org','$2y$10$TKh8H1.PfQx37YgCzwiKb.KjNyWgaHb9cbcoQgdIVFlYg7B77UdFm','aDI5xxOHDA',5,'2019-04-03 03:27:36','2019-04-03 03:27:36',NULL),(50,'Dr. Jordon Dach Sr.','10409916520','1996-09-01','TRANS_MASC','BRANCO','2814380140','1572940130','BLOQUEADO','gleichner.christian@example.org','$2y$10$TKh8H1.PfQx37YgCzwiKb.KjNyWgaHb9cbcoQgdIVFlYg7B77UdFm','k5Vp14Yk9e',6,'2019-04-03 03:27:36','2019-04-03 03:27:36',NULL);
/*!40000 ALTER TABLE `users` ENABLE KEYS */;
UNLOCK TABLES;

--
-- Table structure for table `zones`
--

DROP TABLE IF EXISTS `zones`;
/*!40101 SET @saved_cs_client     = @@character_set_client */;
 SET character_set_client = utf8mb4 ;
CREATE TABLE `zones` (
  `id` int(10) unsigned NOT NULL AUTO_INCREMENT,
  `name` varchar(255) COLLATE utf8mb4_unicode_ci NOT NULL,
  `description` varchar(255) COLLATE utf8mb4_unicode_ci DEFAULT NULL,
  `campus` varchar(255) COLLATE utf8mb4_unicode_ci NOT NULL,
  `created_at` timestamp NULL DEFAULT NULL,
  `updated_at` timestamp NULL DEFAULT NULL,
  `deleted_at` timestamp NULL DEFAULT NULL,
  PRIMARY KEY (`id`)
) ENGINE=InnoDB AUTO_INCREMENT=10 DEFAULT CHARSET=utf8mb4 COLLATE=utf8mb4_unicode_ci;
/*!40101 SET character_set_client = @saved_cs_client */;

--
-- Dumping data for table `zones`
--

LOCK TABLES `zones` WRITE;
/*!40000 ALTER TABLE `zones` DISABLE KEYS */;
INSERT INTO `zones` VALUES (1,'Fox','Medicina','Recife','2019-04-03 03:27:36','2019-04-03 03:27:36',NULL),(2,'Zona 009','Fisioterapia','Recife','2019-04-03 03:27:36','2019-04-03 03:27:36',NULL),(3,'Horse','CCO','Recife','2019-04-03 03:27:36','2019-04-03 03:27:36',NULL),(4,'Dog','Artes','Caruaru','2019-04-03 03:27:36','2019-04-03 03:27:36',NULL),(5,'Zona 002','Odontologia','Caruaru','2019-04-03 03:27:36','2019-04-03 03:27:36',NULL),(6,'Cat','Educação fisica','Caruaru','2019-04-03 03:27:36','2019-04-03 03:27:36',NULL),(7,'Cat','Educação fisica','Vitória','2019-04-03 03:27:36','2019-04-03 03:27:36',NULL),(8,'Fish','Artes','Vitória','2019-04-03 03:27:36','2019-04-03 03:27:36',NULL),(9,'Zona 3421','Educação fisica','Vitória','2019-04-03 03:27:36','2019-04-03 03:27:36',NULL);
/*!40000 ALTER TABLE `zones` ENABLE KEYS */;
UNLOCK TABLES;

--
-- Dumping events for database 'api_laravel'
--

--
-- Dumping routines for database 'api_laravel'
--
/*!40103 SET TIME_ZONE=@OLD_TIME_ZONE */;

/*!40101 SET SQL_MODE=@OLD_SQL_MODE */;
/*!40014 SET FOREIGN_KEY_CHECKS=@OLD_FOREIGN_KEY_CHECKS */;
/*!40014 SET UNIQUE_CHECKS=@OLD_UNIQUE_CHECKS */;
/*!40101 SET CHARACTER_SET_CLIENT=@OLD_CHARACTER_SET_CLIENT */;
/*!40101 SET CHARACTER_SET_RESULTS=@OLD_CHARACTER_SET_RESULTS */;
/*!40101 SET COLLATION_CONNECTION=@OLD_COLLATION_CONNECTION */;
/*!40111 SET SQL_NOTES=@OLD_SQL_NOTES */;

-- Dump completed on 2019-05-08 22:30:21
